CREATE DATABASE  IF NOT EXISTS `neaeaexamadmin` /*!40100 DEFAULT CHARACTER SET latin1 */;
USE `neaeaexamadmin`;
-- MySQL dump 10.13  Distrib 5.5.35, for debian-linux-gnu (x86_64)
--
-- Host: localhost    Database: neaeaexamadmin
-- ------------------------------------------------------
-- Server version	5.5.35-0ubuntu0.12.04.2

/*!40101 SET @OLD_CHARACTER_SET_CLIENT=@@CHARACTER_SET_CLIENT */;
/*!40101 SET @OLD_CHARACTER_SET_RESULTS=@@CHARACTER_SET_RESULTS */;
/*!40101 SET @OLD_COLLATION_CONNECTION=@@COLLATION_CONNECTION */;
/*!40101 SET NAMES utf8 */;
/*!40103 SET @OLD_TIME_ZONE=@@TIME_ZONE */;
/*!40103 SET TIME_ZONE='+00:00' */;
/*!40014 SET @OLD_UNIQUE_CHECKS=@@UNIQUE_CHECKS, UNIQUE_CHECKS=0 */;
/*!40014 SET @OLD_FOREIGN_KEY_CHECKS=@@FOREIGN_KEY_CHECKS, FOREIGN_KEY_CHECKS=0 */;
/*!40101 SET @OLD_SQL_MODE=@@SQL_MODE, SQL_MODE='NO_AUTO_VALUE_ON_ZERO' */;
/*!40111 SET @OLD_SQL_NOTES=@@SQL_NOTES, SQL_NOTES=0 */;

--
-- Table structure for table `exam`
--

DROP TABLE IF EXISTS `exam`;
/*!40101 SET @saved_cs_client     = @@character_set_client */;
/*!40101 SET character_set_client = utf8 */;
CREATE TABLE `exam` (
  `name` varchar(30) NOT NULL,
  `id` int(11) NOT NULL AUTO_INCREMENT,
  PRIMARY KEY (`id`)
) ENGINE=InnoDB AUTO_INCREMENT=10 DEFAULT CHARSET=latin1;
/*!40101 SET character_set_client = @saved_cs_client */;

--
-- Dumping data for table `exam`
--

LOCK TABLES `exam` WRITE;
/*!40000 ALTER TABLE `exam` DISABLE KEYS */;
INSERT INTO `exam` VALUES ('Physics',1),('Chemistry',2),('Maths',3),('Biology',4),('English',5),('Geography',6),('Civics',7),('History',8),('Amharic',9);
/*!40000 ALTER TABLE `exam` ENABLE KEYS */;
UNLOCK TABLES;

--
-- Table structure for table `examcenter_examiner`
--

DROP TABLE IF EXISTS `examcenter_examiner`;
/*!40101 SET @saved_cs_client     = @@character_set_client */;
/*!40101 SET character_set_client = utf8 */;
CREATE TABLE `examcenter_examiner` (
  `groupNo` int(11) NOT NULL,
  `type` int(11) NOT NULL,
  `quantity` int(11) NOT NULL,
  `id` int(11) NOT NULL,
  PRIMARY KEY (`id`),
  KEY `groupNo` (`groupNo`),
  KEY `type` (`type`),
  CONSTRAINT `groupNo` FOREIGN KEY (`groupNo`) REFERENCES `examcenter` (`groupNo`) ON DELETE NO ACTION ON UPDATE NO ACTION,
  CONSTRAINT `type` FOREIGN KEY (`type`) REFERENCES `examiner` (`examinerId`) ON DELETE NO ACTION ON UPDATE NO ACTION
) ENGINE=InnoDB DEFAULT CHARSET=latin1 COLLATE=latin1_bin;
/*!40101 SET character_set_client = @saved_cs_client */;

--
-- Dumping data for table `examcenter_examiner`
--

LOCK TABLES `examcenter_examiner` WRITE;
/*!40000 ALTER TABLE `examcenter_examiner` DISABLE KEYS */;
/*!40000 ALTER TABLE `examcenter_examiner` ENABLE KEYS */;
UNLOCK TABLES;

--
-- Table structure for table `examiner`
--

DROP TABLE IF EXISTS `examiner`;
/*!40101 SET @saved_cs_client     = @@character_set_client */;
/*!40101 SET character_set_client = utf8 */;
CREATE TABLE `examiner` (
  `type` varchar(50) COLLATE latin1_bin NOT NULL,
  `examinerId` int(11) NOT NULL,
  PRIMARY KEY (`examinerId`)
) ENGINE=InnoDB DEFAULT CHARSET=latin1 COLLATE=latin1_bin;
/*!40101 SET character_set_client = @saved_cs_client */;

--
-- Dumping data for table `examiner`
--

LOCK TABLES `examiner` WRITE;
/*!40000 ALTER TABLE `examiner` DISABLE KEYS */;
/*!40000 ALTER TABLE `examiner` ENABLE KEYS */;
UNLOCK TABLES;

--
-- Table structure for table `woredaallowance`
--

DROP TABLE IF EXISTS `woredaallowance`;
/*!40101 SET @saved_cs_client     = @@character_set_client */;
/*!40101 SET character_set_client = utf8 */;
CREATE TABLE `woredaallowance` (
  `code` varchar(10) NOT NULL,
  `low_scale` decimal(10,2) NOT NULL,
  `medium_scale` decimal(10,2) NOT NULL,
  `high_scale` decimal(10,2) NOT NULL,
  `desert_allowance` decimal(10,2) NOT NULL,
  `woreda` int(11) NOT NULL,
  PRIMARY KEY (`code`),
  KEY `woreda` (`woreda`),
  CONSTRAINT `woreda` FOREIGN KEY (`woreda`) REFERENCES `woreda` (`woredId`) ON DELETE NO ACTION ON UPDATE NO ACTION
) ENGINE=InnoDB DEFAULT CHARSET=latin1;
/*!40101 SET character_set_client = @saved_cs_client */;

--
-- Dumping data for table `woredaallowance`
--

LOCK TABLES `woredaallowance` WRITE;
/*!40000 ALTER TABLE `woredaallowance` DISABLE KEYS */;
INSERT INTO `woredaallowance` VALUES ('22',34.50,78.00,125.00,155.00,1);
/*!40000 ALTER TABLE `woredaallowance` ENABLE KEYS */;
UNLOCK TABLES;

--
-- Table structure for table `examinee`
--

DROP TABLE IF EXISTS `examinee`;
/*!40101 SET @saved_cs_client     = @@character_set_client */;
/*!40101 SET character_set_client = utf8 */;
CREATE TABLE `examinee` (
  `name` varchar(50) COLLATE latin1_bin NOT NULL,
  `fatherName` varchar(50) COLLATE latin1_bin NOT NULL,
  `grandFatherName` varchar(50) COLLATE latin1_bin NOT NULL,
  `schoolCodeId` varchar(30) COLLATE latin1_bin NOT NULL,
  `age` int(11) NOT NULL,
  `sex` char(1) COLLATE latin1_bin NOT NULL,
  `Sight` varchar(10) COLLATE latin1_bin NOT NULL,
  `nationality` varchar(30) COLLATE latin1_bin NOT NULL,
  `category` int(11) NOT NULL,
  `photo` longblob NOT NULL,
  `registrationConfirmationNo` varchar(30) COLLATE latin1_bin NOT NULL,
  `examineeId` int(11) NOT NULL AUTO_INCREMENT,
  PRIMARY KEY (`examineeId`),
  UNIQUE KEY `registrationConfirmationNo_UNIQUE` (`registrationConfirmationNo`),
  KEY `schoolCode` (`schoolCodeId`),
  KEY `category` (`category`),
  KEY `fk_schoolcode` (`schoolCodeId`),
  CONSTRAINT `category` FOREIGN KEY (`category`) REFERENCES `category` (`id`) ON DELETE NO ACTION ON UPDATE NO ACTION,
  CONSTRAINT `fk_schoolcode` FOREIGN KEY (`schoolCodeId`) REFERENCES `school` (`code`) ON DELETE NO ACTION ON UPDATE NO ACTION
) ENGINE=InnoDB AUTO_INCREMENT=9 DEFAULT CHARSET=latin1 COLLATE=latin1_bin;
/*!40101 SET character_set_client = @saved_cs_client */;

--
-- Dumping data for table `examinee`
--

LOCK TABLES `examinee` WRITE;
/*!40000 ALTER TABLE `examinee` DISABLE KEYS */;
INSERT INTO `examinee` VALUES ('Nemo','Bayetta','Belachew','01',20,'M','Non Blind','Ethiopian',2,'’’’–––˜˜˜™™™™™™¡¡¡   £££§§§¨¨¨¥¥¥£££¥¥¥×××«««¬¬¬¬¬¬¬¬¬­­­¯¯¯±±±°°°±±±³³³µµµ¶¶¶µµµ´´´³³³¶¶¶···¸¸¸¸¸¸¹¹¹÷÷÷½½½ְְְ»»»¼¼¼½½½¾¾¾¾¾¾½½½¼¼¼»»»ְְְְְְֱֱֱֱֱֱֲֲֲ¿¿¿¿¿¿¾¾¾¿¿¿¿¿¿ְְְְְְֱֱֱֱֱֱ¿¿¿¿¿¿ֱֱֱֳֳֳ¾¾¾»»»»»»¾¾¾ְְְְְְֱֱֱֱֱֱֱֱֱֲֲֲֳֳֳ¿¿¿¾¾¾¾¾¾¼¼¼¼¼¼¼¼¼»»»»»»÷÷÷÷÷÷÷÷÷»»»»»»÷÷÷¹¹¹¹¹¹¹¹¹÷÷÷÷÷÷¶¶¶³³³±±±°°°²²²´´´³³³²²²¬¬¬¬¬¬­­­­­­¬¬¬×××©©©§§§¥¥¥¥¥¥¦¦¦¥¥¥₪₪₪¡¡¡˜˜˜———˜˜˜———†††………‰‰‰†††{{{yyyzzzwwwpppjjjnnniiieeeeeeggghhhfffcccbbbhhhjjjgggjjjrrruuuqqqiiidddxxxyyyNNN+++“““˜˜˜§§§¥¥¥¦¦¦©©©×××¨¨¨©©©«««¯¯¯°°°±±±±±±±±±²²²´´´¶¶¶µµµ¶¶¶···¹¹¹÷÷÷÷÷÷÷÷÷¹¹¹½½½¾¾¾¾¾¾½½½½½½½½½ְְְְְְְְְְְְְְְְְְֱֱֱֱֱֱֱֱֱֱֱֱֱֱֱֱֱֱֱֱֱֲֲֲֲֲֲֲֲֲֲֲֲֲֲֲֲֲֲֲֲֲֲֲֲֲֲֲֲֲֲֳֳֳֳֳֳֳֳֳֳֳֳֳֳֳֳֳֳֳֳֳִִִִִִִִִִִִִִִִִִִִִִִִִִִִִִִִִִִִִִִֵֵֵֵֵֵֵֵֵֵֵֵֵֵֵֶֶֶֶֶֶ¾¾¾½½½¼¼¼»»»÷÷÷¹¹¹¹¹¹¹¹¹¼¼¼¹¹¹···¶¶¶¸¸¸¹¹¹¹¹¹···´´´´´´´´´³³³²²²±±±¯¯¯¯¯¯««««««×××¨¨¨¨¨¨§§§§§§¦¦¦¦¦¦¢¢¢“““———‘‘‘†††ƒƒƒ‚‚‚xxxqqqvvvsssqqqpppqqqrrrrrrqqqqqqtttuuuvvvxxxyyytttnnnjjjnnnvvvbbb666”””˜˜˜      ¡¡¡¢¢¢©©©¦¦¦¦¦¦©©©××××××¬¬¬¯¯¯±±±²²²´´´µµµ´´´µµµ···¸¸¸···¸¸¸¹¹¹÷÷÷»»»¼¼¼½½½¾¾¾ֱֱֱֱֱֱֱֱֱ¿¿¿¾¾¾¾¾¾ְְְֱֱֱֱֱֱֲֲֲֲֲֲֲֲֲֲֲֲֲֲֲֲֲֲֳֳֳֳֳֳֳֳֳֳֳֳֳֳֳֳֳֳֳֳֳֳֳֳִִִִִִִִִִִִֵֵֵֵֵֵֵֵֵֵֵֵֵֵֵֵֵֵֵֵֵֵֵֵֵֵֵֶֶֶֶֶֶֶֶֶֶֶֶֶֶֶֶֶֶֶֶֶֶֶֶֶֶֶֶֶֶֶֶֶֶֶֶֶֶֶֶֶֶֶֶֶֶֶֶֶֶֶַַַַַַֹֹֹֹֹֹ¿¿¿¾¾¾¼¼¼¼¼¼¼¼¼½½½»»»÷÷÷¹¹¹÷÷÷»»»»»»÷÷÷¹¹¹¸¸¸···µµµ´´´³³³³³³³³³®®®­­­«««©©©©©©©©©«««¬¬¬¨¨¨¥¥¥¢¢¢———   •••‹‹‹‰‰‰………~~~xxxyyyyyyxxxwwwuuuuuuwwwxxxyyyyyy~~~†††ˆˆˆ‚‚‚zzzvvvqqq{{{pppIII%%%   ¢¢¢£££₪₪₪¥¥¥¦¦¦×××¨¨¨©©©¬¬¬®®®­­­®®®²²²´´´¶¶¶¸¸¸¸¸¸¸¸¸¹¹¹÷÷÷»»»÷÷÷»»»»»»¼¼¼¾¾¾ְְְְְְֱֱֱֱֱֱֱֱֱֱֱֱֲֲֲֲֲֲֲֲֲֲֲֲֲֲֲֳֳֳִִִִִִִִִִִִִִִִִִִִִֵֵֵֵֵֵֵֵֵֶֶֶֶֶֶֶֶֶֶֶֶֶֶֶֶֶֶֶֶֶֶֶֶֶֶֶֶֶֶֶֶֶֶֶֶֶֶֶֶֶֶֶֶֶֶֶֶַַַַַַַַַַַַַַַַַַַַַַַַַַַַַַָָָָָָָָָָָָָָָֹֹֹֹֹֹֹֹֹֹֹֹֹֹֹֹֹֹּּּּּּ¾¾¾¾¾¾½½½½½½½½½½½½½½½¼¼¼¼¼¼»»»¹¹¹···¶¶¶µµµµµµµµµ±±±°°°¯¯¯­­­­­­­­­­­­­­­₪₪₪¥¥¥§§§§§§¥¥¥¢¢¢¢¢¢₪₪₪   ———”””’’’ˆˆˆƒƒƒ€€€‚‚‚ƒƒƒ€€€|||{{{}}}‡‡‡ƒƒƒ|||}}}{{{yyy]]]555   ¡¡¡¥¥¥§§§§§§¨¨¨×××«««¬¬¬«««®®®³³³´´´²²²²²²´´´¸¸¸÷÷÷¼¼¼½½½½½½½½½¾¾¾¿¿¿¿¿¿¿¿¿ְְְֱֱֱֱֱֱֲֲֲֲֲֲֲֲֲֲֲֲֳֳֳֳֳֳֳֳֳֳֳֳִִִִִִֵֵֵֵֵֵֵֵֵֵֵֵֵֵֵֵֵֵֵֵֵֵֵֵֵֵֵֶֶֶֶֶֶֶֶֶֶֶֶַַַַַַַַַָָָֹֹֹֹֹֹֹֹֹֹֹֹֹֹֹֹֹֹֹֹֹֹֹֹֹֹֹֹֹֹֻֻֻֻֻֻֻֻֻֻֻֻֻֻֻֻֻֻֻֻֻֻֻֻֻֻֻֻֻֻֻֻֻֻֻֻֻֻֻֻֻֻּּּּּּּּּּּּֽֽֽֽֽֽֽֽֽֽֽֽֽֽֽ¿¿¿¾¾¾¼¼¼÷÷÷÷÷÷÷÷÷»»»¸¸¸¸¸¸¸¸¸···µµµ³³³±±±°°°¬¬¬®®®¯¯¯®®®¬¬¬«««×××©©©§§§¥¥¥¡¡¡–––’’’’’’••••••‘‘‘‹‹‹‰‰‰‘‘‘‘‘‘”””–––zzz‡‡‡iii===\"\"\"¡¡¡£££¥¥¥§§§¨¨¨×××¬¬¬¬¬¬¬¬¬¯¯¯´´´µµµ³³³±±±³³³¶¶¶¸¸¸»»»¼¼¼¼¼¼¼¼¼½½½½½½¾¾¾¿¿¿ְְְֱֱֱֳֳֳֳֳֳִִִִִִִִִִִִִִִִִִֵֵֵֵֵֵָָָֹֹֹֹֹֹֹֹֹֹֹֹּּּּּּּּּֽֽֽ־־־־־־ְְְֳֳֳֳֳֳֳֳֳִִִִִִֵֵֵֵֵֵֵֵֵֵֵֵֶֶֶֶֶֶֶֶֶֶֶֶֶֶֶֶֶֶַַַֹֹֹֹֹֹֻֻֻֻֻֻֻֻֻֻֻֻֻֻֻֻֻֻֻֻֻֻֻֻֻֻֻֻֻֻּּּּּּּּּּּּּּּּּּּּּּּּּּּּּּּּּּּּּּּּּּּּּּּּֽֽֽֽֽֽֿֿֿֿֿֿ¿¿¿¾¾¾½½½½½½¼¼¼¼¼¼¼¼¼»»»»»»¼¼¼»»»¹¹¹¶¶¶´´´²²²¸¸¸···²²²¬¬¬©©©«««¬¬¬«««©©©¨¨¨¦¦¦₪₪₪£££   ››››››™™™”””’’’”””˜˜˜›››››››››———„„„ƒƒƒ‡‡‡‰‰‰VVV\'\'\'¢¢¢₪₪₪§§§¨¨¨×××­­­¯¯¯²²²°°°²²²¶¶¶···´´´´´´¶¶¶···¹¹¹¼¼¼¾¾¾¾¾¾½½½¾¾¾¾¾¾ֱֱֱֲֲֲֳֳֳֵֵֵֵֵֵֵֵֵֶֶֶֶֶֶֶֶֶֶֶֶֶֶֶֶֶֶֶֶֶַַַֹֹֹֻֻֻֻֻֻֻֻֻּּּּּּֽֽֽֽֽֽֿֿֿ׀׀׀׀׀׀׀׀׀ֽֽֽֽֽֽֽֽֽׁׁׁׁׁׁׂׂׂׂׂׂ־־־־־־ֽֽֽֽֽֽֽֽֽׁׁׁ׀׀׀ֿֿֿ־־־־־־ֿֿֿ׀׀׀ׁׁׁ־־־־־־ֳֳֳֳֳֳֳֳֳִִִֵֵֵֵֵֵַַַַַַַַַַַַַַַַַַָָָֹֹֹֻֻֻֻֻֻֻֻֻֻֻֻּּּּּּּּּּּּּּּּּּּּּּּּֽֽֽֽֽֽ¿¿¿ְְְְְְְְְְְְ¿¿¿¿¿¿¾¾¾½½½½½½½½½¼¼¼÷÷÷¹¹¹¸¸¸···»»»÷÷÷µµµ®®®¬¬¬¯¯¯°°°­­­«««×××©©©§§§¥¥¥£££¡¡¡™™™›››¢¢¢¡¡¡•••‘‘‘nnn<<<§§§©©©¬¬¬®®®°°°²²²µµµ···½½½÷÷÷÷÷÷¼¼¼½½½¼¼¼½½½ֱֱֱ¾¾¾ֱֱֱִִִֵֵֵֵֵֵֵֵֵֶֶֶֶֶֶֹֹֹּּּ־־־־־־־־־ּּּֽֽֽ־־־ֿֿֿֿֿֿ־־־ֽֽֽ־־־׀׀׀ׂׂׂױױױװװװ׃׃׃ׂׂׂׂׂׂ׃׃׃װװװױױױׂׂׂׂׂׂ׃׃׃׃׃׃׃׃׃װװװװװװװװװװװװװװװױױױײײײײײײױױױװװװװװװװװװװװװװװװװװװװװװװװװװװװװװװ׃׃׃׃׃׃׃׃׃ׁׁׁׁׁׁׂׂׂ׀׀׀׀׀׀ׁׁׁׁׁׁׁׁׁ׀׀׀׀׀׀ֿֿֿֿֿֿֿֿֿ׀׀׀ְְְֲֲֲֳֳֳִִִִִִִִִֵֵֵֶֶֶֶֶֶֶֶֶֶֶֶַַַָָָָָָָָָֹֹֹֹֹֹֹֹֹֻֻֻּּּּּּֽֽֽֿֿֿ¿¿¿¾¾¾¿¿¿ְְְֱֱֱ¹¹¹¼¼¼»»»¸¸¸¸¸¸÷÷÷¸¸¸²²²±±±°°°¯¯¯­­­«««¨¨¨¦¦¦₪₪₪¨¨¨¨¨¨¨¨¨§§§¦¦¦§§§©©©×××­­­©©©“““‘‘‘“““HHH###\Z\Z\Z   ®®®°°°³³³···¹¹¹÷÷÷÷÷÷÷÷÷¾¾¾¿¿¿ְְְֱֱֱֲֲֲִִִֵֵֵֵֵֵֹֹֹֹֹֹּּּֽֽֽֿֿֿ׀׀׀ׁׁׁׁׁׁׁׁׁׂׂׂׂׂׂ׃׃׃װװװװװװװװװײײײ׳׳׳״״״״״״״״״״״״״״״״״״׳׳׳ײײײױױױװװװװװװײײײײײײײײײױױױױױױװװװװװװװװװׁׁׁׁׁׁ׀׀׀׀׀׀ֿֿֿֿֿֿ־־־־־־ְְְֲֲֲֳֳֳֵֵֵֶֶֶַַַֹֹֹֹֹֹֻֻֻֻֻֻּּּֽֽֽֽֽֽ¿¿¿¾¾¾½½½¼¼¼÷÷÷¹¹¹¹¹¹···´´´²²²µµµµµµµµµ¶¶¶¶¶¶µµµµµµ´´´ֲֲֲ₪₪₪¡¡¡‘‘‘XXX///%%%\Z\Z\Zµµµ···¹¹¹¼¼¼¿¿¿ְְְֱֱֱֱֱֱֱֱֱֲֲֲֳֳֳִִִֵֵֵֶֶֶַַַַַַֻֻֻּּּ־־־ֿֿֿ׀׀׀ׂׂׂׂׂׂׂׂׂׂׂׂׂׂׂ׃׃׃װװװװװװױױױױױױײײײ״״״״״״״״״אאאאאאבבבבבבבבבאאאאאאאאאאאאאאאאאאאאאאאאאאאאאאבבבבבבבבבבבבבבבבבבבבבבבב״״״״״״׳׳׳׳׳׳ײײײײײײױױױױױױװװװ׃׃׃׃׃׃ֿֿֿׁׁׁׁׁׁׂׂׂ־־־ְְְֲֲֲִִִִִִֵֵֵֶֶֶַַַַַַָָָֹֹֹּּּֽֽֽ¾¾¾¾¾¾¾¾¾¾¾¾¾¾¾¾¾¾¾¾¾½½½½½½¾¾¾³³³₪₪₪———™™™›››uuu;;;(((!!!\Z\Z\Z¹¹¹¹¹¹»»»½½½¿¿¿ֱֱֱֳֳֳִִִֵֵֵֵֵֵֶֶֶַַַָָָֹֹֹֹֹֹֽֽֽֽֽֽ־־־׀׀׀ׁׁׁׂׂׂ׃׃׃װװװׂׂׂ׃׃׃׃׃׃װװװױױױײײײײײײ׳׳׳״״״אאאאאאבבבבבבבבבבבבבבבבבבבבבבבבבבבבבבגגגגגגגגגגגגגגגבבבבבבבבבאאאאאאאאאאאאאאאאאאאאאאאאגגגגגגגגגגגגגגגגגגגגגגגגדדדדדדדדדגגגגגגגגגגגגבבב״״״״״״״״״׳׳׳׳׳׳ײײײױױױװװװװװװ׃׃׃׃׃׃ׁׁׁ׀׀׀ֿֿֿ־־־ְְְְְְְְְֱֱֱֱֱֱֱֱֱֱֱֱֱֱֱֲֲֲִִִַַַָָָָָָָָָֹֹֹֻֻֻֻֻֻּּּֽֽֽ¿¿¿¹¹¹££££££ˆˆˆLLL%%%   \Z\Z\Z÷÷÷»»»¼¼¼½½½¿¿¿ֱֱֱֳֳֳִִִַַַָָָָָָֹֹֹֻֻֻֻֻֻ־־־ֿֿֿ׀׀׀ׁׁׁׂׂׂ׃׃׃װװװױױױװװװװװװױױױײײײ׳׳׳״״״״״״גגגגגגגגגגגגגגגגגגגגגגגגהההההההההדדדדדדגגגגגגגגגבבבבבבבבבבבבבבבבבבבבבבבבאאאאאאאאאאאאאאאאאאאאאאאאגגגגגגגגגבבבבבבבבבבבבבבב״״״״״״׳׳׳׳׳׳ײײײײײײײײײױױױױױױװװװ׃׃׃ֿֿֿֿֿֿׁׁׁׂׂׂׂׂׂ־־־ְְְֱֱֱֱֱֱֲֲֲֳֳֳֵֵֵֶֶֶֶֶֶֶֶֶַַַָָָֻֻֻֻֻֻּּּֽֽֽֽֽֽ¿¿¿¿¿¿¿¿¿¿¿¿¿¿¿ֵֵֵ²²²₪₪₪©©©›››aaa---###\Z\Z\Z½½½¾¾¾¾¾¾ְְְֲֲֲִִִֵֵֵַַַָָָָָָֹֹֹֻֻֻּּּּּּֽֽֽ׀׀׀׀׀׀ׁׁׁׂׂׂ׃׃׃׃׃׃װװװױױױױױױױױױײײײ׳׳׳״״״אאאאאאאאאבבבבבבגגגגגגבבבבבבבבבבבבבבבבבבבבבבבבההההההההההההדדדדדדגגגגגגגגגגגגגגגגגגגגגגגגגגגגגגדדדדדדדדדדדדדדדדדדדדדדדדבבבבבבבבבבבבאאאאאאאאאאאאבבבבבבאאאאאאאאאאאאאאאאאא״״״״״״״״״׳׳׳׳׳׳ײײײױױױװװװװװװׁׁׁׂׂׂׂׂׂ׀׀׀ֿֿֿ־־־־־־ְְְְְְְְְְְְֱֱֱֲֲֲֳֳֳִִִֵֵֵֶֶֶַַַָָָֹֹֹֹֹֹֹֹֹֻֻֻֽֽֽ²²²­­­₪₪₪ttt<<<$$$###\Z\Z\Z   !!!¼¼¼½½½¾¾¾ְְְֲֲֲֳֳֳִִִֵֵֵַַַָָָֹֹֹּּּֽֽֽ־־־ֿֿֿׁׁׁׁׁׁׂׂׂ׃׃׃װװװװװװױױױױױױײײײ׳׳׳״״״אאאבבבבבבבבבבבבגגגגגגדדדדדדהההגגגגגגגגגגגגגגגגגגגגגגגגההההההההההההדדדדדדדדדדדדדדדדדדדדדדדדדדדדדדדדדדדדההההההההההההההההההההההההדדדגגגגגגגגגגגגגגגבבבבבבגגגגגגגגגגגגבבבבבבבבבבבבאאאאאאאאא״״״״״״׳׳׳ײײײױױױױױױ׃׃׃׃׃׃ׁׁׁׂׂׂ׀׀׀־־־־־־ֽֽֽ־־־ֱֱֱֲֲֲִִִֶֶֶָָָֻֻֻֻֻֻֻֻֻּּּ¿¿¿¾¾¾¾¾¾¿¿¿¿¿¿ֲֲֲ¾¾¾¯¯¯BBB***(((   \"\"\"\"\"\"   ¼¼¼½½½¿¿¿ֱֱֱֳֳֳֳֳֳֳֳֳִִִָָָָָָּּּ־־־ֿֿֿׁׁׁׂׂׂ׃׃׃װװװװװװױױױײײײײײײ׳׳׳׳׳׳׳׳׳׳׳׳אאאאאאאאאאאאבבבגגגאאאבבבבבבגגגגגגדדדדדדדדדההההההההההההההההההההההההההההההההההההווווווווווווההההההההההההההההההההההההדדדדדדדדדדדדדדדדדדדדדדדדהההההההההההההההדדדדדדדדדדדדגגגגגגבבבאאאאאא״״״׳׳׳ײײײײײײױױױװװװ׃׃׃ׂׂׂ׀׀׀ֱֱֱֲֲֲִִִֶֶֶָָָֻֻֻּּּּּּּּּֽֽֽֽֽֽֿֿֿ¿¿¿½½½¼¼¼¼¼¼½½½½½½¿¿¿ִִִ˜˜˜NNN\'\'\'&&&&&&\"\"\"\"\"\"!!!!!!!!!!!!!!!   ְְְֲֲֲֵֵֵַַַָָָָָָָָָֹֹֹֹֹֹֹֹֹֻֻֻֽֽֽֿֿֿׁׁׁ׃׃׃װװװױױױײײײײײײ׳׳׳׳׳׳״״״״״״׳׳׳״״״אאאבבבבבבאאאאאאגגגדדדדדדדדדההההההווווווזזזזזזווווווווווווווווווווווווהההוווווווווזזזזזזחחחחחחההההההההההההההההההההההההוווווווווווווווווווווווווווווווווההההההההההההדדדווווווהההדדדגגגבבבבבבאאאבבבבבבבבבאאא׳׳׳ײײײױױױ׃׃׃ׁׁׁ׀׀׀־־־־־־ְְְֳֳֳִִִִִִֶֶֶֹֹֹֻֻֻּּּֽֽֽֿֿֿ¾¾¾½½½½½½¾¾¾¿¿¿¿¿¿ְְְzzz---$$$&&&((($$$\"\"\"      \"\"\"######\"\"\"¿¿¿ֱֱֱִִִֶֶֶַַַָָָָָָָָָּּּּּּ־־־ֿֿֿׁׁׁׂׂׂ׃׃׃װװװׂׂׂװװװײײײײײײ׳׳׳׳׳׳״״״״״״אאאאאאאאאאאאבבבבבבגגגגגגדדדההההההוווווווווווווווזזזזזזזזזזזזזזזזזזזזזזזזזזזהההחחחזזזדדדהההיייחחחבבביייוווווויייבבבגגגםםםזזזגגגלללזזזלללםםםהההזזזזזזוווזזזחחחהההאאאזזזדדדדדדזזזווואאאבבבווובבבבבבבבבבבבבבבבבבגגגגגג״״״״״״״״״׳׳׳ױױױװװװׁׁׁׂׂׂ׀׀׀־־־־־־־־־ֱֱֱֳֳֳֵֵֵֶֶֶֶֶֶֶֶֶַַַָָָֻֻֻֽֽֽ¿¿¿½½½»»»´´´rrr%%%,,,$$$   ---$$$$$$######\"\"\"\"\"\"!!!!!!ְְְֲֲֲִִִַַַָָָָָָֹֹֹֹֹֹּּּֽֽֽ־־־׀׀׀ׁׁׁׂׂׂװװװװװװװװװױױױ׳׳׳׳׳׳׳׳׳׳׳׳״״״אאאאאאאאאאאאבבבבבבגגגגגגדדדדדדוווווווווווווווזזזזזזזזזזזזזזזזזזזזזזזזזזזזזזזזזבבבזזזךךךךךךיייךךךכככךךךךךךדדדלללהההאאאךךךחחחטטטךךךדדדוווההההההכככ׳׳׳וווטטטטטטגגגגגגייידדדדדדזזזטטטווואאאאאאוווגגגגגגגגגגגגבבבבבבבבבבבבאאאאאאאאא״״״׳׳׳׳׳׳״״״׳׳׳ײײײװװװ׃׃׃ֿֿֿׁׁׁׂׂׂ־־־־־־ֱֱֱֳֳֳִִִִִִִִִָָָֹֹֹּּּֽֽֽ¿¿¿¼¼¼»»»÷÷÷»»»yyy###))))))%%%***%%%%%%%%%$$$$$$#########ֱֱֱֳֳֳֵֵֵָָָֹֹֹ־־־־־־ֿֿֿׁׁׁׂׂׂ׃׃׃װװװױױױײײײ׳׳׳״״״״״״״״״״״״אאאבבבבבבבבבבבבגגגדדדדדדדדדהההווווווזזזזזזזזזזזזחחחחחחחחחחחחחחחחחחחחחחחחחחחחחחללליייזזזוווהההדדדוווטטטכככדדדאאאכככסססזזזבבבלללןןן״״״טטטטטטזזזננניייסססבבבגגגזזזלללםםםייידדדבבבהההטטטיייזזזבבבבבבווודדדדדדדדדדדדגגגגגגבבבבבבגגגבבבבבבבבבאאאאאא״״״״״״״״״׳׳׳ײײײױױױװװװ׃׃׃ֿֿֿֿֿֿֿֿֿׂׂׂ־־־ֱֱֱֲֲֲִִִִִִִִִָָָֹֹֹֻֻֻּּּ¾¾¾¼¼¼÷÷÷···ֱֱֱ€€€\"\"\"(((...***(((\'\'\'\'\'\'\'\'\'&&&&&&%%%%%%$$$ִִִֵֵֵַַַֹֹֹֻֻֻּּּּּּ׀׀׀׀׀׀ׁׁׁׂׂׂ׃׃׃װװװױױױײײײ׳׳׳אאאבבבגגגגגגגגגגגגדדדדדדההההההוווזזזזזזחחחחחחחחחחחחטטטטטטטטטטטטטטטטטטטטטטטטטטטטטטלללהההגגגיייןןןנננןןןןןןדדדהההזזזיייןןןסססכככעעעשששךךךםםםףףףגגגוווכככגגגאאאבבבוווךךךוווווווווזזזזזזההההההוווווווווההההההדדדגגגגגגבבבגגגגגגגגגבבבבבבאאאאאא״״״׳׳׳ײײײױױױװװװ׃׃׃׀׀׀׀׀׀׀׀׀ֲֲֲִִִֵֵֵֶֶֶֶֶֶֹֹֹּּּֽֽֽֿֿֿ¿¿¿½½½»»»¶¶¶ֱֱֱ$$$)))///,,,+++((((((\'\'\'\'\'\'&&&&&&%%%%%%ֶֶֶַַַָָָּּּֽֽֽ־־־־־־ׁׁׁׂׂׂ׃׃׃׃׃׃װװװױױױײײײײײײאאאבבבגגגגגגדדדדדדדדדהההוווווווווזזזחחחחחחטטטטטטטטטטטטייייייייייייייייייייייייייייייחחחחחחךךךםםםכככזזזהההווו׳׳׳ךךךףףףמממףףףמממגגגךךךההההההֳֳֳטטט´´´ףףףנננםםםנננפפפמממבבבהההיייזזזגגגגגגוווטטטחחחוווזזזזזזווווווהההדדדדדדגגגגגגגגגבבבבבבאאאאאאאאאאאא״״״׳׳׳ײײײױױױױױױׁׁׁׁׁׁׁׁׁ׀׀׀־־־ֲֲֲֵֵֵֶֶֶֶֶֶַַַֻֻֻֽֽֽ¿¿¿½½½»»»¶¶¶½½½(((---...+++000(((((((((\'\'\'\'\'\'&&&&&&%%%ָָָָָָֻֻֻֽֽֽ־־־׀׀׀׀׀׀׃׃׃׃׃׃װװװױױױײײײײײײ׳׳׳׳׳׳אאאבבבגגגגגגדדדדדדהההההההההווווווזזזזזזחחחטטטטטטייייייייייייךךךךךךךךךךךךךךךךךךךךךךךךךךךךךךיייןןןןןןווואאאלללץץץוווגגג‘‘‘ֹֹֹ|||RRR___ooo===cccbbb\"\"\"rrrׁׁׁ¥¥¥¥¥¥÷÷÷בבבתתתןןןכככיייחחחדדדגגגוווךךךיייזזזזזזזזזזזזוווווווווההההההדדדגגגגגגבבבבבבאאאאאאאאא״״״׳׳׳׳׳׳ײײײֿֿֿׁׁׁׂׂׂׂׂׂׂׂׂ־־־ֱֱֱִִִֵֵֵֶֶֶֶֶֶֻֻֻּּּ¾¾¾»»»÷÷÷···¾¾¾€€€***......,,,111))))))((((((\'\'\'\'\'\'\'\'\'&&&ֻֻֻּּּ־־־ֿֿֿׁׁׁׂׂׂװװװױױױױױױײײײ׳׳׳׳׳׳״״״״״״אאאאאאבבבבבבגגגדדדדדדההההההוווווווווזזזזזזחחחחחחחחחיייייייייךךךךךךךךךךךךךךךךךךךךךךךךךךךךךךךךךךךךךךךזזזלללכככזזזכככקקקרררנננVVV444555HHHIII\"\"\"LLL666???@@@...666HHH===666FFF;;;EEEmmm™™™¹¹¹׳׳׳נננגגגחחחיייחחחוווטטטטטטחחחזזזזזזזזזזזזזזזזזזזזזזזזהההההההההדדדגגגגגגגגגבבבאאא״״״״״״׳׳׳׃׃׃׃׃׃ׂׂׂׂׂׂ׀׀׀ֲֲֲֵֵֵַַַַַַָָָּּּֽֽֽֿֿֿ¿¿¿¼¼¼÷÷÷¶¶¶ֶֶֶˆˆˆ***,,,222000...++++++******))))))((((((ֻֻֻֻֻֻּּּ־־־׀׀׀ׂׂׂ׃׃׃ױױױױױױײײײײײײ׳׳׳״״״״״״״״״אאאגגגבבבבבבגגגגגגדדדהההההההההווווווזזזזזזחחחחחחטטטטטטיייךךךךךךךךךךךךךךךככככככככככככככככככככככככככככככיייכככיייךךךעעעךךך÷÷÷†††NNN///\"\"\":::777(((333111;;;000<<<JJJ777333BBB444999777999:::333===ppp¨¨¨חחחןןןלללזזזוווחחחטטטזזזזזזזזזזזזזזזחחחחחחחחחזזזווווווההההההדדדדדדדדדגגגבבבבבבאאא״״״״״״׃׃׃׃׃׃׃׃׃ֱֱֱֵֵֵַַַֹֹֹּּּֽֽֽֿֿֿׁׁׁׂׂׂ¾¾¾½½½¶¶¶־־־((()))777333))),,,,,,,,,++++++*********ֽֽֽ־־־׀׀׀ׁׁׁׁׁׁׁׁׁ׃׃׃װװװײײײײײײ׳׳׳״״״בבבדדדגגגאאאאאאבבבבבבגגגדדדההההההווווווווווווזזזזזזחחחחחחטטטיייייייייךךךךךךכככככככככמממטטטכככןןןכככיייםםםםםםכככיייפפפץץץֳֳֳggg...222555555666666555333111000222888999666888>>><<<444555888<<<======<<<>>>@@@]]]–––אאארררסססםםםהההיייההההההמממךךךדדדחחחזזזזזזווווווהההההההההדדדגגגגגגגגגבבבאאאאאאאאא״״״ײײײײײײױױױ׃׃׃ׁׁׁ׀׀׀ֿֿֿ־־־ֱֱֱֲֲֲֳֳֳֵֵֵֶֶֶָָָֹֹֹ¿¿¿ֻֻֻ   ---:::...111///...++++++++++++***)))ּּּ־־־׀׀׀ׁׁׁׁׁׁׂׂׂװװװײײײ׳׳׳׳׳׳״״״בבבדדדגגגבבבבבבבבבגגגדדדדדדהההווווווזזזחחחחחחטטטטטטיייייייייייייייךךךךךךככככככללללללםםםלללךךךיייךךךםםםםםםכככטטטחחחללל÷÷÷>>>PPP888555555666777777888888888444::::::777888===;;;444555888;;;<<<;;;;;;<<<===DDD555KKK```­­­ײײײאאאללליייטטטווודדדייילללוווווווווההההההדדדדדדגגגגגגדדדדדדגגגגגגבבבבבבאאאאאא״״״׳׳׳ײײײױױױ׃׃׃ׂׂׂ׀׀׀ֿֿֿ־־־ֱֱֱֱֱֱֳֳֳֵֵֵַַַֹֹֹֻֻֻ»»»ֻֻֻ¡¡¡***444<<<...///000...,,,++++++++++++***ֽֽֽ־־־׀׀׀ׂׂׂׂׂׂװװװײײײ״״״״״״״״״אאאאאאגגגדדדדדדגגגגגגגגגדדדההההההוווזזזזזזטטטטטטייייייךךךךךךככככככךךךךךךככככככללללללםםםםםםיייןןןכככחחחםםםמממךךךככככככqqq000888333;;;222555555555555666777999:::555999999666777;;;999333444777999::::::::::::;;;111444<<<///LLLMMMְְְרררוווכככןןןגגגדדדםםםיייזזזווווווההההההדדדדדדדדדדדדדדדדדדגגגגגגבבבבבבבבב׳׳׳׳׳׳ױױױװװװׁׁׁׂׂׂ׀׀׀ְְְֱֱֱֳֳֳֵֵֵַַַֻֻֻּּּֿֿֿ»»»¦¦¦///333:::///222222///,,,++++++,,,,,,,,,ֽֽֽֿֿֿׁׁׁ׃׃׃װװװױױױ״״״אאאאאאאאאבבבגגגדדדהההדדדדדדההההההוווזזזזזזחחחחחחייייייךךךךךךככככככללללללכככללללללםםםםםםמממממממממזזזנננןןןלללנננלללךךךעעעססס‡‡‡###(((@@@:::;;;000777555222000///000111222222444555333444888666222222333666888999999999:::222JJJHHH888CCCrrrסססחחחחחחלללכככזזזחחחיייטטטטטטחחחחחחזזזזזזווווווההההההדדדדדדגגגגגגבבבבבב״״״׳׳׳ײײײװװװ׃׃׃ׁׁׁ׀׀׀ֿֿֿ־־־ְְְֱֱֱֳֳֳֶֶֶָָָֻֻֻֽֽֽ¾¾¾§§§///,,,444111777333000---+++,,,---------ֿֿֿ׀׀׀׃׃׃װװװױױױ׳׳׳אאאאאאבבבגגגדדדדדדההההההוווווווווזזזזזזחחחטטטטטטיייייייייךךךךךךככככככללללללםםםםםםםםםממממממןןןןןןנננכככנננסססנננןןןםםםןןןצצצ§§§%%%***SSS///***<<<444555333000,,,++++++,,,------...//////111444444222///000333666888:::::::::666666111===QQQ666EEE¸¸¸חחחצצצלללכככןןןחחחטטטיייטטטטטטחחחחחחזזזזזזזזזווווווההההההדדדדדדגגגגגג״״״׳׳׳ױױױװװװׁׁׁׂׂׂ׀׀׀־־־ְְְֱֱֱֲֲֲִִִֶֶֶֹֹֹֹֹֹֻֻֻֽֽֽ×××666---333333888333111...------......---׀׀׀ׂׂׂװװװײײײײײײ״״״אאאבבבבבבבבבגגגההההההההההההוווחחחזזזזזזחחחטטטטטטיייךךךךךךךךךךךךככככככללללללםםםםםםממממממןןןןןןננננננססססססףףףנננעעעמממלללףףףלללׂׂׂ]]]&&&555999666>>>)))000222111...,,,,,,---...000,,,,,,,,,...000333444333//////111444888:::999888;;;,,,999FFF:::AAA333VVVƒƒƒָָָעעעלללוווטטטךךךמממחחחחחחחחחזזזזזזווווווווווווווווווההההההדדדדדדדדדאאאאאאאאא״״״׳׳׳ײײײװװװ׃׃׃ׁׁׁׁׁׁ־־־ְְְֲֲֲֳֳֳֵֵֵַַַָָָֹֹֹּּּֽֽֽ°°°AAA555777555444333111000/////////...---ׂׂׂװװװײײײ׳׳׳׳׳׳״״״אאאבבבגגגגגגבבבדדדווווווההההההזזזטטטחחחחחחטטטייייייךךךככככככלללללללללםםםםםםממממממןןןןןןןןןננננננססססססעעעעעעףףףנננץץץמממלללׂׂׂwww:::...BBB666(((777333///111000///......000222333000///...000333444555555111111222444888999777555;;;222666<<<999DDD>>>111---eeeֶֶֶכככלללנננטטטטטטחחחחחחזזזזזזווווווזזזזזזווווווההההההדדדדדדבבבבבבאאאאאא״״״ײײײױױױ׃׃׃ׁׁׁׂׂׂ־־־ֲֲֲִִִִִִֶֶֶַַַָָָּּּֽֽֽ±±±EEE666999777333222222111111222111...,,,װװװױױױ׳׳׳׳׳׳׳׳׳״״״אאאבבבגגגגגגבבבדדדזזזזזזההההההזזזיייחחחטטטטטטיייךךךככככככלללםםםממממממןןןןןןננננננננננננננננננססססססעעעעעעעעעמממןןןתתתנננןןןµµµ###...777000...666///+++555111111000//////000111222555333222333555666666777444333333555777888555333...FFF:::444DDD...;;;@@@444{{{ףףףשששזזזנננחחחךךךךךךייייייטטטטטטחחחחחחזזזזזזזזזוווהההההההההדדדבבבבבבבבבאאא״״״׳׳׳ױױױ׃׃׃ֵֵֵֵֵֵֶֶֶֶֶֶַַַָָָֻֻֻֽֽֽֽֽֽׂׂׂׂׂׂ­­­@@@111666888666222222222333333222...,,,ױױױײײײ״״״אאאגגגדדדדדדדדדהההווווווזזזחחחטטטטטטטטטךךךךךךךךךככככככלללללללללםםםםםםממממממןןןןןןננננננסססססססססעעעעעעעעעעעעעעעףףףעעעףףףןןןץץץקקק¢¢¢---......---...//////...111222333444444333222000...666:::777222222444555:::666777:::888111000333666:::;;;999666777<<<???111999חחחעעעטטטףףףזזזייייייטטטטטטטטטטטטחחחחחחחחחחחחחחחחחחזזזוווהההדדדדדדגגגבבבאאא״״״ײײײױױױ׃׃׃ֿֿֿׁׁׁׂׂׂ־־־־־־־־־ֳֳֳֶֶֶֽֽֽ÷÷÷¹¹¹JJJ,,,AAA444222444333333333222,,,$$$׳׳׳״״״אאאגגגדדדהההווווווזזזזזזחחחחחחטטטיייךךךךךךךךךךךךךךךכככלללללללללםםםמממממממממןןןןןןנננננננננססססססעעעעעעעעעעעעףףףףףףססססססעעעםםםצצצ‎‎‎———222444333//////111222///111333888<<<???@@@@@@@@@000333555666:::@@@BBB???333333333444666888999:::======;;;999777999;;;<<<@@@:::===ZZZיייכככיייטטטטטטטטטחחחחחחחחחחחחזזזטטטטטטטטטטטטחחחזזזהההההההההדדדדדדגגגבבבאאא׳׳׳ײײײױױױװװװװװװְְְֳֳֳֶֶֶֹֹֹּּּּּּֿֿֿׂׂׂ־־־»»»HHH111???777888222888:::333(((###(((///״״״אאאגגגהההוווזזזזזזזזזחחחחחחטטטייייייךךךכככככככככככככככללללללםםםםםםםםםמממןןןןןןננננננסססססססססעעעעעעעעעףףףףףףףףףףףףףףףעעעףףףעעעןןןשששzzz&&&888444...***,,,111555777@@@KKK\\\\\\jjjoooiii^^^VVVKKKJJJGGGFFFHHHGGG>>>333555888999777666777555111999777444555777999<<<===;;;:::999ֱֱֱגגגמממככככככךךךךךךךךךךךךייייייכככככככככךךךיייטטטחחחזזזבבבבבבאאא״״״׳׳׳ױױױװװװ׃׃׃װװװׁׁׁ־־־ְְְֵֵֵֶֶֶָָָֹֹֹֻֻֻ³³³>>>444;;;;;;<<<666888666---$$$$$$///:::אאאאאאבבבגגגדדדהההזזזזזזחחחחחחחחחחחחטטטיייךךךךךךככככככלללללללללםםםםםםמממממממממןןןנננננננננסססעעעעעעעעעףףףףףףףףףפפפפפפפפפפפפפפפצצצפפפפפפקקק‎‎‎יייNNN---:::,,,\'\'\'222@@@IIIVVVdddqqq}}}———‰‰‰€€€‡‡‡‡‡‡†††„„„‚‚‚zzziiiYYYHHHFFFBBB>>>888555888>>>777555555777888888:::>>>;;;===666///gggסססנננללללללככככככככככככךךךךךךייייייייייייטטטחחחזזזוווטטטחחחווודדדבבב״״״׳׳׳׳׳׳ׁׁׁ־־־ֵֵֵֶֶֶַַַָָָֹֹֹֹֹֹּּּ¾¾¾@@@888999:::444;;;222)))&&&,,,222666666אאאאאאבבבגגגדדדוווזזזזזזזזזזזזחחחחחחטטטטטטיייךךךככככככםםםםםםםםםממממממןןןןןןןןןנננססססססעעעעעעףףףףףףףףףפפפפפפפפפץץץץץץץץץץץץץץץשששעעעץץץ‎‎‎$$$***222\'\'\'111SSSnnnyyy‰‰‰£££¥¥¥§§§©©©××××××©©©¨¨¨§§§¬¬¬°°°³³³µµµ´´´­­­₪₪₪qqqbbbJJJ333///999<<<;;;<<<===:::666777<<<;;;444AAAAAA333“““תתתזזזךךךךךךךךךיייייייייייייייחחחחחחחחחחחחזזזוווהההדדדדדדדדדגגגאאא״״״׳׳׳ױױױװװװ׃׃׃ׂׂׂױױױװװװׁׁׁׂׂׂ־־־ְְְֳֳֳֵֵֵֶֶֶֻֻֻ¾¾¾:::222999???777666,,,%%%)))444;;;888222אאאאאאאאאדדדדדדוווזזזחחחחחחחחחחחחחחחחחחטטטייייייךךךככככככמממממממממןןןןןןנננננננננסססעעעעעעעעעףףףפפפפפפפפפץץץץץץץץץצצצצצצצצצצצצצצצרררעעעפפפששש‎‎‎³³³(((\'\'\'000MMMttt‹‹‹’’’×××©©©¨¨¨§§§¦¦¦§§§©©©«««­­­×××¯¯¯²²²³³³¶¶¶¼¼¼ְְְְְְ¾¾¾µµµ­­­   ‚‚‚XXX:::000:::666555999999777999???999;;;CCC999))):::נננצצצללללללללללללככככככככככככככככככככככככךךךיייחחחחחחגגגגגגגגגגגגבבבבבבאאאאאא״״״׳׳׳׳׳׳ֲֲֲֵֵֵֻֻֻֻֻֻּּּֽֽֽֽֽֽֽֽֽֽֽֽ»»»===///;;;<<<:::---...000333777888777555אאאבבבגגגגגגווווווחחחטטטטטטטטטטטטטטטטטטטטטיייךךךככככככללללללמממןןןןןןןןןנננסססססססססעעעעעעףףףףףףפפפפפפץץץץץץצצצצצצצצצצצצקקקקקקקקקקקקצצצצצצץץץססס±±±###...%%%LLLuuuˆˆˆ–––   £££¦¦¦©©©×××¨¨¨¦¦¦₪₪₪²²²µµµ¶¶¶µµµ¶¶¶»»»½½½¼¼¼­­­µµµ»»»¼¼¼¶¶¶¢¢¢eeeDDD777...333999:::<<<AAACCCLLLEEEGGG888:::אאאללללללככככככככככככךךךךךךךךךךךךךךךךךךיייטטטחחחזזזךךךךךךיייחחחזזזהההדדדדדדבבבבבבאאא׳׳׳ײײײ׃׃׃ֳֳֳּּּֿֿֿֿֿֿ­­­GGG777===000333000444999999777555555777אאאגגגדדדדדדדדדחחחחחחטטטיייךךךךךךךךךךךךךךךךךךךךךכככלללםםםםםםמממןןןןןןןןןננננננסססססססססעעעףףףףףףפפפפפפץץץץץץץץץצצצצצצצצצקקקקקקקקקקקקרררץץץקקקכככ»»»:::666+++ggg••••••©©©¥¥¥«««×××©©©¨¨¨©©©×××«««¬¬¬×××°°°µµµ¹¹¹¾¾¾ֲֲֲ¿¿¿÷÷÷µµµ»»»¶¶¶°°°»»»ַַַµµµ”””```HHH555666===>>><<<<<<CCC<<<CCCFFF;;;???ֳֳֳזזזוווווווווהההההההההההההההגגגגגגגגגבבבבבב׳׳׳װװװ׀׀׀ֱֱֱֲֲֲֲֲֲֹֹֹֽֽֽ¿¿¿½½½¼¼¼»»»÷÷÷²²²­­­¥¥¥–––‰‰‰………rrrjjj...111@@@000>>>;;;:::999999999888666444אאאבבבגגגדדדההההההזזזחחחחחחטטטיייךךךךךךככככככללללללםםםממממממןןןןןןעעעעעעעעעעעעףףףףףףףףףףףףפפפפפפפפפץץץץץץץץץץץץץץץצצצתתתרררףףףףףףרררתתתקקקשששתתתפפפ„„„BBB---ZZZ………’’’›››£££¢¢¢­­­×××¬¬¬«««¦¦¦¡¡¡   ¦¦¦¬¬¬¬¬¬´´´¶¶¶²²²¶¶¶ֱֱֱֳֳֳ¼¼¼···¶¶¶¶¶¶¹¹¹÷÷÷···°°°×××vvvMMM444777======@@@>>>???BBBCCCGGG@@@‚‚‚ְְְְְְְְְֳֳֳֵֵֵַַַֹֹֹ¿¿¿¿¿¿½½½ֱֱֱֱֱֱ»»»¹¹¹´´´¨¨¨¦¦¦×××¨¨¨§§§¦¦¦‹‹‹†††ˆˆˆ‰‰‰†††‡‡‡}}}iiixxxvvvtttssstttuuuttttttgggYYYEEE666111222555777666666555666777888666555אאאבבבגגגדדדההההההחחחטטטטטטיייךךךככככככככככככללללללםםםמממןןןןןןנננעעעעעעעעעףףףףףףףףףףףףףףףפפפפפפץץץץץץץץץץץץצצצצצצשששרררץץץצצצשששצצצתתתƒƒƒ000///ooo’’’“““˜˜˜˜˜˜¡¡¡£££¥¥¥¡¡¡¢¢¢§§§±±±···¶¶¶¸¸¸¿¿¿ֱֱֱֲֲֲ···¶¶¶µµµ¸¸¸»»»»»»···²²²¶¶¶lllHHHCCCFFFBBBAAA>>>???FFFGGGHHH@@@ppp«««¯¯¯²²²²²²­­­¨¨¨¥¥¥₪₪₪———™™™™™™˜˜˜zzz~~~~~~|||xxxkkkdddgggddddddhhhiiiffffffaaaUUUQQQPPPPPPQQQRRRPPPLLLHHHPPPGGG;;;333222444666777555444444555666666444333אאאאאאבבבגגגדדדהההווווווייייייךךךךךךכככללללללםםםללללללםםםממממממןןןננננננףףףףףףףףףףףףףףףפפפפפפפפפץץץץץץץץץץץץצצצצצצצצצצצצץץץףףףףףףקקקתתתשששצצצץץץ‎‎‎תתת“““(((GGG€€€‰‰‰’’’———¢¢¢¥¥¥¦¦¦©©©«««©©©£££      £££×××±±±¹¹¹»»»¹¹¹···¹¹¹¼¼¼÷÷÷¸¸¸···¹¹¹¼¼¼½½½»»»¸¸¸½½½§§§wwwLLLBBBFFFDDDBBB???===EEEDDDEEEEEEiiigggZZZ^^^bbbccc```^^^]]]^^^ccc]]]```bbb[[[YYYZZZUUUYYY[[[^^^```\\\\\\UUUTTTYYYTTTXXX[[[XXXSSSPPPMMMIIIKKKKKKLLLNNNMMMIIIBBB<<<:::777333222444666666555333222222333444444222111אאאבבבגגגדדדהההוווזזזזזזךךךךךךככככככלללםםםממממממםםםםםםםםםמממןןןננננננסססףףףףףףפפפפפפפפפפפפפפפץץץץץץצצצצצצצצצצצצקקקקקקקקק‏‏‏קקקףףףקקקתתתתתתתתתקקקררר²²²333kkk„„„———¦¦¦¯¯¯¯¯¯°°°²²²²²²¯¯¯×××§§§§§§©©©¯¯¯²²²¹¹¹ְְְ¿¿¿÷÷÷¹¹¹»»»½½½¼¼¼»»»¼¼¼½½½½½½÷÷÷···°°°₪₪₪{{{PPPBBBEEEFFFGGGFFFAAAFFF???AAARRRyyygggnnnqqquuuvvvuuuttttttvvvqqqiiilllooohhheeeiiijjj]]]XXXZZZ^^^[[[ZZZ\\\\\\[[[UUUZZZYYYVVVUUUQQQMMMNNNQQQNNNKKKJJJIIIEEE???999444333333555666666444222222222111222333333222111גגגגגגדדדהההוווזזזחחחחחחךךךככככככלללםםםממממממןןןםםםממממממןןןנננססססססססספפפפפפפפפפפפץץץץץץץץץץץץצצצצצצצצצקקקקקקקקקקקקרררקקקץץץקקקשששרררקקקקקקפפפפפפףףף‎‎‎‎‎‎׀׀׀CCC}}}€€€{{{†††•••£££¨¨¨¨¨¨¬¬¬­­­­­­«««©©©©©©¬¬¬®®®²²²²²²···ְְְֱֱֱֱֱֱֵֵֵֶֶֶ¼¼¼½½½¿¿¿ְְְֱֱֱ½½½¹¹¹¶¶¶³³³­­­cccNNNIIIHHHKKKKKKGGGKKK???AAAXXX………uuuccceeegggfffaaa]]]\\\\\\\\\\\\ccc\\\\\\ccclllgggeeennnuuummm\\\\\\XXX\\\\\\XXXYYYWWWMMMKKKNNNIIIKKKVVVUUUOOOSSSSSSKKKBBB===<<<;;;888555555444555555666555444222333222222333444444333111גגגדדדהההוווזזזחחחטטטטטטכככככככככלללםםםממממממןןןממממממןןןננננננסססעעעעעעץץץץץץץץץץץץץץץצצצצצצצצצקקקקקקקקקקקקררררררררררררסססצצצתתת‎‎‎‏‏‏גגגPPPzzzyyy‰‰‰–––   ₪₪₪¦¦¦©©©­­­®®®®®®®®®¯¯¯²²²µµµ¸¸¸µµµµµµ¶¶¶»»»ֲֲֲֳֳֳ¿¿¿¹¹¹»»»¾¾¾ֱֱֱֳֳֳֳֳֳ¿¿¿»»»¸¸¸¯¯¯©©©kkkVVVIIICCCGGGDDDFFFJJJ???BBBOOOxxxqqqbbbfffiiihhheeeaaa___``````XXXaaammmgggbbbkkkvvvqqqYYYTTTZZZVVVYYYXXXHHHLLLMMMCCCEEEWWWUUUIIINNN[[[QQQEEE>>>======;;;888333333333333444444444444444333333444555555444222דדדההההההוווחחחטטטטטטיייךךךככככככלללםםםםםםמממממממממןןןןןןנננסססעעעעעעףףףץץץץץץץץץצצצצצצצצצצצצצצצקקקקקקררררררררררררששששששרררקקקפפפתתתתתתקקקצצצרררףףף___|||~~~‘‘‘™™™«««­­­«««µµµ´´´µµµ¶¶¶···¸¸¸¹¹¹÷÷÷»»»µµµ¹¹¹÷÷÷÷÷÷¾¾¾ִִִֵֵֵ½½½ֲֲֲֳֳֳֳֳֳֵֵֵֵֵֵ¿¿¿¼¼¼÷÷÷¬¬¬ƒƒƒlll```PPPEEEHHH===DDDGGGAAAIIIIIIjjjppp```eeejjjmmmkkkiiihhhiiihhh___iiivvvnnnccckkkxxxrrrYYYWWW___ZZZ```bbbPPPTTTVVVHHHIII[[[UUUEEEMMMYYYOOODDD>>>>>><<<777222222333333333333333333444444333333333555555333222ההההההוווזזזחחחטטטייייייךךךךךךכככללללללםםםממממממןןןןןןננננננסססעעעעעעףףףץץץץץץצצצצצצצצצצצצקקקקקקרררררררררררררררששששששששששששףףף״״״ׂׂׂ״״״װװװװװװ׀׀׀ֿֿֿׁׁׁ׃׃׃ֿֿֿkkk‡‡‡¥¥¥¨¨¨₪₪₪±±±°°°«««¸¸¸¶¶¶···¸¸¸¸¸¸¶¶¶´´´±±±¯¯¯°°°»»»ְְְ¿¿¿ֵֵֵ׃׃׃װװװֲֲֲֶֶֶֹֹֹ½½½»»»÷÷÷½½½§§§ˆˆˆxxxrrr```QQQRRR@@@GGGHHHGGGUUUOOOmmm}}}aaafffkkkllljjjfffdddcccbbb[[[hhhxxxpppeeennn|||www^^^^^^eeeZZZ^^^bbbQQQOOOUUUHHHIII\\\\\\UUUFFFQQQWWWPPPGGGDDDCCC???777///333444555555333222222222333222222333444444333111זזזזזזחחחטטטטטטיייךךךךךךככככככלללםםםמממןןןננננננססססססעעעעעעףףףףףףפפפפפפצצצצצצצצצקקקקקקררררררשששששששששששששששתתתתתתתתתתתתקקקֶֶֶ¿¿¿ַַַֹֹֹֻֻֻּּּֿֿֿׂׂׂׂׂׂ׀׀׀¯¯¯„„„‘‘‘₪₪₪³³³µµµ¬¬¬©©©©©©¬¬¬´´´²²²¸¸¸¸¸¸±±±®®®®®®©©©¥¥¥¯¯¯¸¸¸¾¾¾ֶֶֶׁׁׁ״״״חחח׀׀׀ָָָֹֹֹ¾¾¾¾¾¾ֳֳֳ½½½´´´«««lll••••••nnngggWWWIII<<<777KKKBBB]]]yyyyyybbbeeennnlllpppnnnaaaiiidddXXXlll|||iiibbbrrrvvvqqqbbb]]]___]]]]]][[[SSSRRR[[[EEEOOOjjjXXXIIISSSRRRPPPJJJDDDAAA???888///333444555666666666444444333444555555444333444555זזזחחחחחחטטטייייייךךךךךךככככככלללםםםמממןןןננננננסססעעעעעעףףףףףףפפפפפפפפפצצצצצצצצצקקקרררררררררשששששששששששששששתתתתתתתתתתתתקקקִִִָָָֻֻֻׁׁׁ׃׃׃״״״ױױױ־־־ּּּ׃׃׃ֽֽֽƒƒƒƒƒƒ“““£££©©©¦¦¦£££©©©««««««¨¨¨¦¦¦×××®®®₪₪₪•••‡‡‡tttllltttxxxxxxˆˆˆֱֱֱּּּ׳׳׳׀׀׀÷÷÷³³³½½½ֵֵֵֶֶֶ÷÷÷zzzzzzhhhbbbUUUOOODDDBBBGGGDDDfffuuufffgggooommmqqqpppcccmmmgggZZZmmmllleeesssuuusssddd^^^___\\\\\\[[[XXXPPPOOOYYYEEERRRmmm[[[LLLTTTUUUQQQIIIBBB@@@???999000333444555666666666555444333444555555444333444555חחחחחחטטטטטטיייךךךכככככככככללללללםםםןןןננננננסססעעעעעעעעעףףףפפפפפפפפפץץץצצצצצצקקקקקקררררררשששששששששששששששתתתתתתתתתתתתתתתששש־־־ּּּׁׁׁױױױײײײװװװׁׁׁװװװ׳׳׳׳׳׳׀׀׀___\\\\\\YYYXXX\\\\\\ttt“““¥¥¥¬¬¬×××§§§¨¨¨°°°¯¯¯‡‡‡UUUCCC???NNNRRRLLLYYYrrrccc§§§ִִִ¼¼¼¶¶¶ְְְֲֲֲֶֶֶ˜˜˜ooo~~~bbb___XXXSSSKKKMMMCCCGGGooo‰‰‰sssjjjjjjqqqppptttrrrfffqqqjjj\\\\\\ppp„„„tttnnnyyyxxxyyyhhhaaaaaa^^^\\\\\\XXXOOONNNVVVGGGVVVooo^^^PPPUUUYYYSSSHHHAAA@@@@@@:::111333444555666777666555555444555666555444333444555חחחטטטטטטיייךךךכככככככככללללללםםםמממןןןנננססססססףףףףףףףףףפפפפפפץץץץץץץץץצצצקקקקקקררררררשששששששששששששששתתתתתתתתתתתת‎‎‎‎‎‎װװװ׃׃׃ײײײ״״״״״״״״״הההבבב´´´LLLEEEQQQDDD;;;JJJfffxxx«««¥¥¥§§§¨¨¨¦¦¦¢¢¢———€€€kkkMMMMMMSSS[[[^^^```jjjvvv………yyyxxxֵֵֵַַַ¹¹¹ִִִ÷÷÷ֲֲֲ¾¾¾‹‹‹pppaaa\\\\\\SSSQQQHHHQQQBBBHHHssszzzkkkkkktttuuuxxxsssfffqqqkkk]]]sss}}}www~~~}}}llldddeeebbbaaa\\\\\\RRRRRRVVVHHHYYYnnn___TTTVVVZZZTTTJJJCCCCCCBBB999///333444555777777777666555444555666555444444555666טטטטטטיייךךךככככככללללללםםםםםםמממןןןנננסססעעעעעעףףףףףףפפפפפפץץץץץץצצצצצצקקקקקקקקקררררררששששששתתתתתתתתתתתתתתת‎‎‎‏‏‏ױױױײײײ׳׳׳״״״ׁׁׁװװװײײײ„„„XXXaaaddd\\\\\\OOOHHHEEEJJJnnn¡¡¡©©©¬¬¬¡¡¡yyykkkccc______ccciiisss………¡¡¡¸¸¸¿¿¿§§§†††´´´ֵֵֵ¾¾¾¾¾¾¼¼¼¾¾¾־־־±±±nnnkkk]]]FFFLLL@@@MMMDDDFFFvvv………mmmlllvvvyyy}}}ttteeepppnnn```vvv€€€yyy‚‚‚~~~llldddfffeeeddd___TTTXXXWWWJJJZZZkkk^^^VVVWWWYYYUUUMMMHHHFFFCCC888---333444666777888777777666444555666666555444555666ייייייךךךךךךכככללללללםםםםםםממממממןןןסססעעעעעעףףףפפפפפפפפפץץץץץץצצצצצצקקקקקקקקקררררררששששששתתתתתתתתתתתתתתתתתתשששױױױײײײײײײווו׀׀׀װװװ׳׳׳oooaaavvvhhh___RRRLLLIIIGGGYYYyyy˜˜˜£££§§§———|||iiifffkkkeeeYYYYYYiiiuuu~~~———´´´µµµִִִ¶¶¶™™™»»»ֵֵֵ½½½ֲֲֲ¶¶¶ֱֱֱ¿¿¿€€€|||gggJJJKKK???IIIGGGBBB‹‹‹qqqoooyyy}}}uuudddpppooocccyyyvvv|||}}}kkkbbbeeeeeeddd___TTT\\\\\\WWWKKK[[[hhh\\\\\\XXXUUUWWWVVVQQQKKKGGGBBB888---333444666777888888777777555666777666555444555666ייייייךךךכככללללללםםםםםםממממממןןןנננסססעעעףףףףףףפפפץץץץץץץץץצצצקקקקקקקקקקקקרררררררררשששתתתתתתתתתתתתתתתתתתתתת״״״דדדףףףעעעסססנננקקקפפפ’’’jjjzzzkkkggg^^^ZZZZZZTTTXXXiii†††“““”””}}}jjjhhhnnniiicccgggwwwyyyrrrqqq§§§ַַַֿֿֿ¬¬¬“““×××ִִִָָָּּּ¸¸¸···½½½|||fffVVVQQQJJJJJJIII???•••’’’ˆˆˆyyyttt{{{~~~uuuffftttmmmccc|||‘‘‘€€€www‚‚‚‚‚‚lllccceeeeeeeee___SSS[[[UUULLL^^^hhh]]]YYYSSSXXXXXXTTTLLLEEE???888000333444666777888888888888555666777666555555666777יייךךךךךךכככלללםםםםםםמממממממממןןןנננסססעעעףףףףףףץץץץץץץץץצצצצצצקקקקקקקקקקקקררררררששששששתתתתתתתתתתתת‎‎‎ללל‏‏‏±±±hhhvvv~~~zzz^^^LLLXXXuuu‹‹‹›››«««¬¬¬ˆˆˆ~~~}}}jjjzzz‹‹‹›››±±±½½½¨¨¨‰‰‰jjj÷÷÷ֳֳֳ­­­®®®ֲֲֲַַַַַַָָָ¿¿¿»»»µµµlllUUUWWWWWWUUUMMMJJJ===¥¥¥———‚‚‚€€€yyy}}}}}}~~~uuuhhhyyyjjjbbb}}}“““ƒƒƒ|||‰‰‰‚‚‚oooeeeggggggfff```TTTXXXRRRLLL```jjj^^^ZZZQQQYYYZZZVVVLLLCCC===888444333444666777888999888888555666777666555555666777ךךךךךךכככלללםםםמממןןןןןןןןןנננסססעעעףףףפפפץץץצצצץץץץץץצצצצצצקקקקקקררררררררררררששששששתתתתתת‏‏‏‎‎‎בבבׁׁׁםםם‎‎‎תתתרררתתת‎‎‎ִִִZZZ€€€‘‘‘˜˜˜±±±¯¯¯‹‹‹WWWKKKvvv÷÷÷¼¼¼ֲֲֲֳֳֳ¦¦¦wwwqqq¥¥¥ֱֱֱײײײ¡¡¡‘‘‘···¸¸¸³³³ֱֱֱֲֲֲֲֲֲֲֲֲּּּ¨¨¨fffggg\\\\\\aaaQQQUUUJJJBBBׁׁׁ‚‚‚………‡‡‡{{{sssiiirrrnnnhhhxxx‚‚‚€€€‡‡‡rrrcccgggllldddYYYTTTXXXTTTUUUYYYsss```UUUXXXWWW[[[WWWJJJDDDCCC:::---111;;;:::666888888555888777666666666555555444444ךךךךךךכככלללםםםמממןןןננננננססססססעעעףףףפפפץץץץץץץץץץץץצצצצצצקקקקקקררררררררררררששששששתתתתתת‎‎‎‎‎‎ֿֿֿללל‏‏‏‎‎‎bbbtttlllVVVvvvyyy˜˜˜XXXPPPjjj¢¢¢ַַַױױױ׳׳׳ּּּ²²²ƒƒƒooonnnlll‹‹‹‘‘‘ִִִֵֵֵֶֶֶ½½½¥¥¥¦¦¦ֲֲֲֵֵֵ¼¼¼ִִִִִִַַַֹֹֹֽֽֽ›››^^^bbb^^^ggghhhSSS666„„„‡‡‡‰‰‰………‡‡‡………tttmmmwwwpppkkk|||¢¢¢………‚‚‚‘‘‘tttbbbdddiiieeeZZZSSS[[[VVVTTTWWWppp^^^TTTXXXXXX]]]XXXKKKDDDCCC:::,,,000::::::666999888666999999999888777666666777777ככככככלללםםםמממןןןננננננסססעעעעעעףףףףףףפפפפפפץץץץץץצצצצצצצצצקקקררררררררררררשששששששששתתת‏‏‏אאא׀׀׀מממ‎‎‎‎‎‎םםםYYYPPPgggiiiCCCCCC@@@[[[LLL|||¬¬¬ׁׁׁוווהההױױױַַַ´´´aaaIII„„„bbb444TTTSSSddd•••¨¨¨§§§«««ִִִָָָּּּװװװֵֵֵָָָֻֻֻּּּ[[[dddiiiVVVpppCCCָָָםםם„„„””””””’’’‘‘‘yyyrrr}}}tttooo¥¥¥†††€€€ˆˆˆ“““zzzdddbbbiiiggg\\\\\\SSS]]]VVVSSSUUUnnn\\\\\\TTTYYY[[[___ZZZLLLDDDCCC999,,,///::::::666:::999777;;;:::999888666666777888999כככללללללםםםמממןןןנננסססעעעףףףףףףףףףפפפפפפפפפפפפצצצצצצצצצקקקקקקרררררררררשששששששששתתתתתת‏‏‏‎‎‎‏‏‏ֿֿֿםםם‎‎‎ששש‏‏‏עעע^^^HHH÷÷÷²²²+++***777¹¹¹uuunnn¼¼¼ױױױבבבײײײ׳׳׳ֶֶֶ666nnnפפפ~~~,,,222גגגfffjjj‘‘‘´´´¶¶¶¾¾¾־־־ֻֻֻֽֽֽ־־־ִִִ‚‚‚VVV___dddTTTBBBLLLfffלללooo‘‘‘›››———–––‘‘‘€€€xxxwwwrrrƒƒƒ¦¦¦………}}}‰‰‰‚‚‚———€€€hhhdddkkklll^^^PPPZZZTTTRRRUUUooo^^^UUUZZZ^^^bbb\\\\\\NNNEEECCC999+++///999:::777:::;;;999===:::888666444444666888999ללללללםםםמממןןןנננססססססףףףףףףףףףףףףפפפפפפפפפץץץצצצצצצקקקקקקררררררששששששששששששתתתתתת‎‎‎‎‎‎‎‎‎‎‎‎‎‎‎‎‎‎‎‎‎‎‎‎תתת״״״ֽֽֽךךך‎‎‎‎‎‎פפפ‚‚‚rrr’’’­­­}}}\\\\\\kkk¡¡¡‰‰‰’’’ַַַׁׁׁׂׂׂ¢¢¢‰‰‰xxx>>>000‹‹‹ההה³³³¨¨¨÷÷÷ׂׂׂװװװדדדװװװׂׂׂ׀׀׀ֵֵֵָָָ|||QQQ\\\\\\[[[KKKRRR´´´׃׃׃¸¸¸אאא€€€www˜˜˜——————‰‰‰~~~‚‚‚xxxrrr‚‚‚¦¦¦ˆˆˆ………———‚‚‚llleeelllmmm^^^LLLTTTPPPRRRWWWrrraaaXXX[[[```ddd^^^OOOGGGDDD:::,,,///999:::777;;;<<<:::>>>:::888666555555777999:::לללםםםמממןןןנננסססעעעעעעעעעףףףףףףפפפפפפץץץץץץצצצצצצקקקקקקקקקרררששששששששששששתתתתתתתתת‎‎‎‎‎‎‎‎‎‎‎‎‎‎‎‎‎‎‎‎‎‎‎‎‏‏‏‎‎‎גגגׁׁׁםםםששש™™™zzzxxx|||xxx•••€€€©©©ֽֽֽגגגהההׂׂׂװװװִִִ´´´™™™|||˜˜˜¡¡¡“““±±±½½½ֹֹֹגגגׂׂׂאאאדדדױױױׂׂׂױױױָָָָָָֽֽֽ………aaazzzxxx‚‚‚דדדjjj555¡¡¡   ››››››„„„„„„zzzqqq¨¨¨˜˜˜•••„„„oooeeejjjlll]]]JJJRRROOORRRXXXtttcccZZZ]]]aaaeee```QQQHHHEEE;;;---000:::;;;888<<<<<<;;;>>>;;;:::999888888999;;;<<<םםםםםםמממןןןנננסססעעעעעעעעעעעעףףףפפפץץץצצצצצצקקקקקקקקקקקקררררררשששששששששתתתתתתתתת‎‎‎‎‎‎‎‎‎‎‎‎‎‎‎‎‎‎‎‎‎‎‎‎גגגזזזױױױנננתתתצצצ´´´­­­   ˆˆˆ›››   “““ִִִ׃׃׃ווודדדבבבױױױֲֲֲ»»»¢¢¢ˆˆˆ~~~†††¡¡¡···ֻֻֻךךךםםםהההלללחחחֵֵֵֶֶֶֹֹֹׂׂׂvvv©©©­­­¼¼¼µµµ״״״₪₪₪´´´³³³‰‰‰£££¦¦¦£££   ’’’‡‡‡‰‰‰€€€ttt©©©””””””’’’–––‰‰‰ssseeeggglll```NNNUUUQQQSSSXXXtttccc[[[```bbbfff```RRRIIIFFF<<<...111;;;<<<888<<<<<<;;;>>>::::::999999:::;;;<<<<<<םםםממממממןןןסססעעעעעעףףףסססעעעףףףפפפץץץצצצקקקרררקקקקקקקקקררררררששששששתתתתתתתתתתתת‎‎‎‎‎‎‎‎‎‎‎‎‎‎‎‎‎‎‎‎‎‎‎‎‎‎‎הההׂׂׂללל‎‎‎צצצ£££§§§¾¾¾²²²»»»ֵֵֵ¹¹¹¯¯¯¨¨¨×××ֵֵֵדדדאאאייי״״״־־־ְְְֳֳֳֳֳֳָָָןןן׳׳׳ןןןזזזאאאֲֲֲֹֹֹֿֿֿׂׂׂ¾¾¾zzzְְְ¬¬¬©©©בבבװװװ444···¦¦¦¥¥¥«««×××¥¥¥’’’‰‰‰‡‡‡xxx‚‚‚©©©••••••›››wwwfffgggnnneeeTTTYYYTTTSSSWWWrrrccc\\\\\\aaabbbfffaaaRRRIIIGGG===///222<<<<<<999<<<<<<:::>>>888888888999999:::::::::ממממממןןןנננסססעעעףףףףףףפפפפפפץץץץץץצצצצצצקקקקקקררררררששששששתתתתתת‎‎‎‎‎‎‎‎‎‎‎‎‎‎‎‎‎‎‎‎‎‎‎‎‎‎‎‎‎‎‎‎‎‎‎‎‎‎‎‎‎‎‎‎‎‎‎‎ֲֲֲֹֹֹההה‎‎‎תתתתתתררר’’’¾¾¾¹¹¹ֲֲֲ¶¶¶¶¶¶´´´¢¢¢›››´´´׀׀׀בבבדדדזזזװװװ׀׀׀ֿֿֿ׃׃׃בבבוווזזזךךךלללךךךחחחההה׳׳׳־־־¿¿¿ָָָ²²²xxx¾¾¾¶¶¶ױױױןןןטטט¾¾¾DDD£££»»»₪₪₪¦¦¦§§§¦¦¦₪₪₪‘‘‘„„„‡‡‡}}}‹‹‹§§§———¡¡¡’’’«««‘‘‘tttjjjpppqqqcccSSSYYY\\\\\\VVV^^^sssqqqbbbddd^^^iiifffTTTHHHGGG>>>...111<<<===;;;???>>>;;;>>>;;;;;;:::999999:::;;;;;;ממממממןןןנננסססעעעףףףףףףפפפץץץץץץץץץצצצקקקקקקקקקררררררששששששתתתתתת‎‎‎‎‎‎‎‎‎‎‎‎‎‎‎‎‎‎‎‎‎‎‎‎‎‎‎‎‎‎‎‎‎‎‎‎‎‎‎‎‎‎‎‎‎‎‎‎תתתֳֳֳֻֻֻדדדתתתששש–––ְְְ¾¾¾¶¶¶µµµ¸¸¸´´´¦¦¦¢¢¢÷÷÷׳׳׳טטטךךךאאאײײײױױױױױױֻֻֻֽֽֽׁׁׁ־־־ײײײווווווךךךללליייווואאא׳׳׳ֿֿֿֿֿֿ½½½ֹֹֹ¶¶¶ppp¸¸¸²²²hhhֵֵֵאאא׳׳׳111¶¶¶»»»­­­¥¥¥¥¥¥₪₪₪₪₪₪¥¥¥₪₪₪‡‡‡©©©———£££•••₪₪₪‘‘‘xxxlllnnnpppgggZZZ\\\\\\^^^WWW^^^ssspppbbbccc```jjjfffTTTHHHGGG>>>000111<<<>>>;;;??????<<<???<<<;;;:::999999:::;;;<<<מממןןןןןןנננעעעףףףףףףפפפץץץץץץץץץצצצצצצקקקקקקקקקרררשששששששששתתת‎‎‎‎‎‎‎‎‎‎‎‎‎‎‎‎‎‎‎‎‎‎‎‎‎‎‎‎‎‎‎‎‎‎‎‎‎‎‎‎‎‎‎‎‎‎‎‎‎‎‎‎‎‎‎‎‎בבבװװװּּּייי‏‏‏‏‏‏קקק˜˜˜»»»¾¾¾¸¸¸¼¼¼¶¶¶×××¥¥¥«««ֵֵֵווווווױױױ׳׳׳״״״ׁׁׁ׃׃׃ֹֹֹֹֹֹֽֽֽֿֿֿׁׁׁבבבוווךךךםםםךךךוווװװװֳֳֳֻֻֻֻֻֻ¾¾¾   ooo׀׀׀¹¹¹|||BBBbbb¸¸¸״״״VVVׁׁׁ¾¾¾···¨¨¨¦¦¦¢¢¢¡¡¡¥¥¥¦¦¦”””………~~~©©©•••£££———zzzkkkiiilllhhh```___```WWW^^^ssspppbbbcccbbbkkkgggTTTHHHFFF>>>222222===>>><<<@@@???<<<???<<<;;;:::999999:::;;;<<<ןןןןןןנננסססעעעףףףפפפפפפץץץץץץצצצצצצקקקקקקקקקרררשששששששששתתתתתת‎‎‎‎‎‎‎‎‎‎‎‎‎‎‎‎‎‎‎‎‎‎‎‎‎‎‎‎‎‎‎‎‎‎‎‎‎‎‎‎‎‎‎‎‎‎‎‎‏‏‏‏‏‏זזזױױױמממ‏‏‏‏‏‏ףףף±±±¹¹¹»»»ֱֱֱ¶¶¶©©©­­­÷÷÷ֿֿֿזזזםםם׳׳׳ױױױֿֿֿ׀׀׀ׁׁׁׂׂׂׂׂׂ׀׀׀ֽֽֽֽֽֽױױױאאאהההזזזדדדָָָׂׂׂװװװ¼¼¼ׂׂׂךךךWWW«««³³³¡¡¡ֲֲֲֹֹֹׁׁׁ®®®©©©¢¢¢   ₪₪₪¥¥¥‘‘‘ƒƒƒ~~~¨¨¨“““¢¢¢˜˜˜™™™|||jjjgggnnnlllbbb``````VVV]]]tttrrrdddfffdddlllhhhVVVHHHEEE???444222===???<<<@@@@@@===@@@<<<;;;::::::::::::;;;<<<ננננננסססעעעףףףפפפץץץץץץץץץצצצצצצצצצקקקקקקררררררששששששתתתתתת‎‎‎‎‎‎‎‎‎‎‎‎‎‎‎‎‎‎‎‎‎‎‎‎‎‎‎‎‎‎‎‎‎‎‎‎‎‎‎‎‎‎‎‎‎‎‎‎תתת‎‎‎חחחבבבןןן‎‎‎‎‎‎ץץץ¢¢¢¬¬¬···¶¶¶÷÷÷¶¶¶±±±···ִִִׁׁׁכככחחחחחחגגגֵֵֵֵֵֵֹֹֹּּּֿֿֿׂׂׂ׃׃׃ׂׂׂ׀׀׀ׁׁׁײײײ״״״׳׳׳װװװ׃׃׃ֿֿֿ¾¾¾ֲֲֲ®®®………¨¨¨׃׃׃ױױױמממ{{{¹¹¹§§§יייּּּ÷÷÷²²²«««£££¢¢¢§§§©©©‘‘‘†††€€€‘‘‘×××”””₪₪₪¡¡¡–––~~~hhhhhhsssqqqccc```___UUU]]]vvvvvvhhhiiifffmmmiiiXXXIIIDDD>>>666333>>>???===AAA@@@>>>AAA<<<<<<;;;::::::;;;<<<<<<נננססססססעעעפפפץץץץץץצצצצצצצצצצצצקקקקקקרררררררררשששתתתתתתתתת‎‎‎‎‎‎‎‎‎‎‎‎‎‎‎‎‎‎‎‎‎‎‎‎‎‎‎‎‎‎‎‎‎‎‎‎‎‎‎‎‎‎‎‎‎‎‎‎‎‎‎‏‏‏כככחחחאאאףףף‎‎‎ששש°°°­­­÷÷÷÷÷÷´´´²²²§§§›››©©©ֳֳֳּּּֿֿֿ־־־׀׀׀ייי״״״ֱֱֱ½½½ֶֶֶֻֻֻ׀׀׀װװװױױױ׳׳׳׳׳׳״״״׃׃׃ׁׁׁׂׂׂ׀׀׀ֱֱֱֽֽֽ¥¥¥’’’}}}¦¦¦ֹֹֹ״״״׀׀׀‘‘‘ֳֳֳֳֳֳ־־־±±±¾¾¾µµµ¬¬¬££££££«««¯¯¯¥¥¥˜˜˜†††•••®®®¢¢¢¨¨¨£££———{{{aaabbbrrrooo^^^___^^^UUU^^^xxxxxxiiiiiifffmmmkkk[[[KKKDDD>>>777444???@@@>>>AAAAAA>>>AAA===<<<;;;::::::;;;<<<===ססססססעעעףףףפפפץץץצצצצצצצצצצצצצצצקקקרררררררררשששתתתתתתתתת‎‎‎‎‎‎‎‎‎‎‎‎‎‎‎‎‎‎‎‎‎‎‎‎‎‎‎‎‎‎‎‎‎‎‎‎‎‎‎‎‎‎‎‎‎‎‎‎‏‏‏מממלללוווצצצררר÷÷÷«««¸¸¸½½½±±±´´´lllkkk”””¦¦¦™™™‹‹‹vvvָָָֿֿֿ¹¹¹»»»ַַַֹֹֹֽֽֽׁׁׁױױױ׳׳׳״״״״״״׳׳׳״״״װװװׁׁׁ׀׀׀ֵֵֵֹֹֹֽֽֽ«««†††‹‹‹°°°ֵֵֵ׳׳׳ױױױ¸¸¸ַַַבבבתתתָָָ´´´µµµ¸¸¸­­­¡¡¡   ×××±±±×××”””–––°°°¥¥¥«««¢¢¢———zzz\\\\\\\\\\\\oooooo___aaa___VVV```zzzyyyiiigggfffnnnlll]]]MMMDDD===888444???AAA>>>BBBAAA???BBB===<<<;;;::::::;;;<<<===ססססססעעעףףףפפפץץץצצצצצצצצצצצצקקקקקקררררררששששששתתתתתתתתת‎‎‎‎‎‎‎‎‎‎‎‎‎‎‎‎‎‎‎‎‎‎‎‎‎‎‎‎‎‎‎‎‎‎‎‎‎‎‎‎‎‎‎‎‎‎‎‎‎‎‎‏‏‏‎‎‎ככככככהההפפפ‎‎‎קקק¼¼¼¦¦¦²²²±±±­­­ְְְ¦¦¦SSS;;;^^^mmmtttWWW   &&&ooo•••¦¦¦־־־ֻֻֻֻֻֻּּּ־־־ׁׁׁ׃׃׃׃׃׃ׂׂׂ׃׃׃ױױױױױױ׀׀׀ֳֳֳֹֹֹּּּ½½½©©©²²²zzz“““···­­­µµµֽֽֽµµµ¼¼¼ֻֻֻ¶¶¶¼¼¼®®®¦¦¦¯¯¯×××———‹‹‹–––¯¯¯¦¦¦«««¦¦¦€€€```^^^rrruuugggbbbaaaXXXaaa{{{yyyhhheeefffnnnmmm___NNNDDD===888444???AAA>>>BBBBBB???BBB===<<<;;;;;;;;;;;;<<<===סססעעעעעעףףףפפפץץץץץץץץץקקקקקקררררררששששששתתתתתתתתת‎‎‎‎‎‎‎‎‎‎‎‎‎‎‎‎‎‎‎‎‎‎‎‎‎‎‎‎‎‎‎‎‎‎‎‎‎‎‎‎‎‎‎‎‎‎‎‎‎‎‎‎‎‎‎‎‎‏‏‏תתתכככףףףןןןעעע‏‏‏‎‎‎״״״×××«««²²²«««²²²§§§wwwUUUXXXbbbZZZ„„„’’’lllRRRrrr®®®ױױױֻֻֻֿֿֿֿֿֿׁׁׁײײײױױױ׀׀׀ֶֶֶֹֹֹֻֻֻׁׁׁׂׂׂ־־־ֶֶֶ···¨¨¨¥¥¥ֱֱֱללל¬¬¬©©©ךךךקקק׳׳׳¹¹¹©©©¾¾¾®®®———¢¢¢×××­­­———˜˜˜’’’²²²©©©›››¢¢¢———}}}kkklllnnnpppddd]]]]]]WWWbbb{{{xxxhhhiiiiiivvvttt^^^LLLHHHBBB777777;;;???AAA@@@>>>???@@@<<<<<<<<<<<<<<<<<<<<<<<<סססעעעעעעףףףפפפץץץץץץצצצקקקרררררררררשששתתתתתתתתתתתת‎‎‎‎‎‎‎‎‎‎‎‎‎‎‎‎‎‎‎‎‎‎‎‎‎‎‎‎‎‎‎‎‎‎‎‎‎‎‎‎‎‎‎‎‎‎‎‎‎‎‎‎‎‎‎‎‎‏‏‏תתתכככףףףןןןעעע‏‏‏‏‏‏‏‏‏ייי­­­­­­­­­¡¡¡¬¬¬­­­„„„bbbnnnˆˆˆ‹‹‹”””§§§¹¹¹¼¼¼»»»ָָָײײײװװװֿֿֿׁׁׁׂׂׂװװװְְְַַַָָָֹֹֹֻֻֻֽֽֽׁׁׁׁׁׁׁׁׁ²²²­­­”””©©©±±±ֲֲֲֻֻֻ‎‎‎װװװ±±±«««¸¸¸±±±›››§§§××××××›››———‘‘‘˜˜˜®®®¦¦¦₪₪₪€€€ooopppsssuuukkk```^^^UUUbbb~~~~~~lllhhhdddrrrqqq[[[KKKGGGAAA777777;;;@@@AAA@@@??????@@@<<<<<<<<<<<<============עעעעעעףףףףףףפפפץץץצצצצצצרררררררררששששששתתתתתתתתתתתת‎‎‎‎‎‎‎‎‎‎‎‎‎‎‎‎‎‎‎‎‎‎‎‎‎‎‎‎‎‎‎‎‎‎‎‎‎‎‎‎‎‎‎‎‎‎‎‎‎‎‎‎‎‎‎‎‎‏‏‏תתתכככףףףןןןעעע‏‏‏תתת‎‎‎°°°¬¬¬¨¨¨××××××˜˜˜‚‚‚’’’˜˜˜––––––­­­ֱֱֱ׀׀׀ײײײ׳׳׳ײײײײײײװװװֵֵֵּּּֽֽֽׁׁׁׁׁׁׁׁׁ׀׀׀ֳֳֳַַַֽֽֽ¿¿¿µµµ©©©₪₪₪’’’´´´ֿֿֿזזזזזזֵֵֵ־־־‎‎‎נננֿֿֿ®®®³³³°°°µµµ®®®«««§§§   ——————«««₪₪₪›››¦¦¦™™™›››~~~nnnppprrrvvvnnnbbb]]]RRR```€€€‚‚‚mmmdddbbboooooo[[[KKKGGGBBB888888;;;@@@AAA@@@??????AAA<<<<<<<<<======>>>>>>>>>עעעעעעףףףפפפפפפץץץצצצצצצררררררששששששתתתתתתתתתתתת‎‎‎‎‎‎‎‎‎‎‎‎‎‎‎‎‎‎‎‎‎‎‎‎‎‎‎‎‎‎‎‎‎‎‎‎‎‎‎‎‎‎‎‎‎‎‎‎‎‎‎‎‎‎‎‎‎‏‏‏תתתכככףףףןןןעעע‏‏‏תתת²²²¦¦¦­­­«««‰‰‰‰‰‰   ¯¯¯¬¬¬§§§°°°°°°¨¨¨¬¬¬¿¿¿־־־ׁׁׁ׃׃׃ױױױװװװ׀׀׀־־־ִִִֵֵֵָָָֹֹֹֻֻֻּּּֽֽֽ½½½¶¶¶«««¡¡¡˜˜˜´´´ֱֱֱֽֽֽֿֿֿץץץמממ²²²µµµ­­­···   ´´´°°°¥¥¥¢¢¢™™™“““®®®§§§   ©©©€€€ppppppqqqvvvpppaaa]]]RRR^^^kkk```eeeqqqppp^^^NNNHHHAAA999888<<<@@@AAA@@@???@@@BBB<<<<<<======>>>>>>??????עעעףףףףףףפפפץץץצצצצצצקקקרררשששששששששתתתתתתתתת‎‎‎‎‎‎‎‎‎‎‎‎‎‎‎‎‎‎‎‎‎‎‎‎‎‎‎‎‎‎‎‎‎‎‎‎‎‎‎‎‎‎‎‎‎‎‎‎‎‎‎‎‎‎‎‎‎‏‏‏תתתכככףףףןןןעעע‏‏‏‏‏‏‎‎‎תתת»»»¯¯¯›››‹‹‹–––•••   ´´´­­­³³³ְְְְְְַַַֹֹֹ¿¿¿ֳֳֳׂׂׂױױױװװװֳֳֳֵֵֵֵֵֵָָָָָָָָָֻֻֻּּּֿֿֿ÷÷÷±±±¦¦¦   ———¬¬¬zzz׀׀׀צצצקקק‎‎‎פפפתתתָָָ···®®®¯¯¯¸¸¸···³³³§§§¡¡¡˜˜˜³³³®®®¦¦¦­­­¥¥¥₪₪₪†††uuusssqqqwwwttt``````VVV```~~~kkkaaahhhrrrrrr```OOOFFF>>>666999===@@@AAA??????@@@BBB===>>>>>>>>>????????????ףףףףףףפפפפפפץץץצצצקקקקקקשששששששששתתתתתתתתת‎‎‎‎‎‎‎‎‎‎‎‎‎‎‎‎‎‎‎‎‎‎‎‎‎‎‎‎‎‎‎‎‎‎‎‎‎‎‎‎‎‎‎‎‎‎‎‎‎‎‎‎‎‎‎‎‎‏‏‏תתתכככףףףןןןעעע‏‏‏‏‏‏תתתֿֿֿ“““›››vvvkkkjjjvvvnnnxxx„„„”””«««¿¿¿ֱֱֱ¹¹¹ָָָ־־־׀׀׀ְְְֱֱֱֱֱֱֳֳֳֵֵֵַַַָָָֽֽֽ½½½···¯¯¯¦¦¦   ———–––£££TTT›››נננףףף‎‎‎ֻֻֻ¹¹¹¬¬¬´´´¶¶¶³³³³³³«««¡¡¡¢¢¢¶¶¶±±±«««±±±   ©©©¦¦¦‡‡‡vvvrrrnnntttsssaaabbbYYYccc‚‚‚†††pppdddjjjsssrrraaaOOODDD;;;333:::===@@@@@@??????AAACCC????????????????????????ףףףףףףפפפץץץץץץצצצקקקקקקשששששששששתתתתתת‎‎‎‎‎‎‎‎‎‎‎‎‎‎‎‎‎‎‎‎‎‎‎‎‎‎‎‎‎‎‎‎‎‎‎‎‎‎‎‎‎‎‎‎‎‎‎‎‎‎‎‎‎‎‎‎‎‏‏‏תתתכככףףףןןןעעע‏‏‏רררתתתכככ‹‹‹ƒƒƒ[[[UUU\\\\\\SSSFFFGGGSSSUUUSSSggg§§§«««­­­···ְְְְְְֱֱֱ¿¿¿¾¾¾¼¼¼¹¹¹···µµµ³³³°°°«««₪₪₪   –––•••¥¥¥•••ttt•••ףףףתתתכככצצצצצצששש׃׃׃¶¶¶±±±¸¸¸´´´   ¡¡¡×××­­­°°°₪₪₪›››˜˜˜²²²°°°­­­µµµ₪₪₪©©©¥¥¥†††tttoookkkrrrsss``````VVVbbb†††vvvfffkkksssssscccQQQDDD;;;444;;;===@@@@@@??????AAADDDAAAAAA@@@@@@??????>>>>>>ףףףףףףפפפץץץצצצצצצקקקקקקששששששתתתתתתתתת‎‎‎‎‎‎‎‎‎‎‎‎‎‎‎‎‎‎‎‎‎‎‎‎‎‎‎‎‎‎‎‎‎‎‎‎‎‎‎‎‎‎‎‎‎‎‎‎‎‎‎‎‎‎‎‎‎‏‏‏תתתכככףףףןןןעעע‏‏‏ץץץ‡‡‡ƒƒƒdddNNN___oooiiiccc]]][[[___]]]III>>>XXX®®®µµµ¶¶¶···¶¶¶´´´²²²®®®×××××××××¦¦¦¡¡¡§§§“““––––––›››FFF₪₪₪שששצצצנננששש°°°´´´÷÷÷³³³£££££££££¨¨¨³³³¦¦¦˜˜˜•••›››®®®­­­­­­···§§§¬¬¬¨¨¨ˆˆˆwwwrrrmmmuuuwww___\\\\\\PPP^^^ˆˆˆ“““yyyeeemmmuuuuuufffTTTGGG>>>777;;;>>>@@@@@@??????BBBDDDBBBBBBAAA@@@???>>>>>>===פפפץץץץץץצצצקקקררררררששששששששששששתתת‎‎‎‎‎‎‎‎‎‎‎‎‎‎‎‎‎‎‎‎‎‎‎‎‎‎‎‎‎‎‎‎‎‎‎‎‎‎‎‎‎‎‎‎‎‎‎‎‎‎‎‎‎‎‎‎‎‎‎‎‎‎‎יייסססנננףףףצצצסססֹֹֹwww‹‹‹mmm¥¥¥¹¹¹ֽֽֽ׃׃׃ַַַׂׂׂׂׂׂ···   yyyVVV{{{ƒƒƒ•••­­­÷÷÷¸¸¸°°°¬¬¬­­­×××××××××₪₪₪››››››¡¡¡›››™™™   ‡‡‡HHHEEE‏‏‏ףףףררר‎‎‎³³³§§§···¯¯¯¥¥¥¥¥¥¦¦¦¼¼¼«««¥¥¥˜˜˜   µµµ¼¼¼±±±±±±¬¬¬«««¬¬¬€€€uuufffwwwssscccWWWaaabbb‡‡‡“““{{{YYYhhhyyyzzziiiYYYGGG999666999CCCCCC???BBBAAA>>>AAABBBAAAAAAAAA@@@?????????פפפץץץץץץצצצקקקררררררששששששששששששתתת‎‎‎‎‎‎‎‎‎‎‎‎‎‎‎‎‎‎‎‎‎‎‎‎‎‎‎‎‎‎‎‎‎‎‎‎‎‎‎‎‎‎‎‎‎‎‎‎‎‎‎‎‎‎‎‎‎‎‎‎‏‏‏יייסססנננףףף‎‎‎צצצקקק‏‏‏‎‎‎ץץץlll™™™¯¯¯ְְְָָָ־־־ְְְֿֿֿ»»»¹¹¹±±±¦¦¦‹‹‹“““¡¡¡««««««©©©©©©§§§₪₪₪¢¢¢   ™™™˜˜˜™™™˜˜˜|||’’’¯¯¯iii===XXX’’’צצצנננתתת־־־×××¬¬¬×××»»»£££¢¢¢°°°²²²      ¢¢¢¶¶¶»»»¯¯¯®®®¨¨¨×××«««€€€vvviii|||xxxbbbYYYeeeddd†††{{{]]]gggyyyzzzjjjYYYHHH;;;777999DDDDDDAAADDDCCC@@@CCCBBBAAAAAAAAA@@@?????????פפפץץץץץץצצצקקקררררררששששששששששששתתת‎‎‎‎‎‎‎‎‎‎‎‎‎‎‎‎‎‎‎‎‎‎‎‎‎‎‎‎‎‎‎‎‎‎‎‎‎‎‎‎‎‎‎‎‎‎‎‎‎‎‎‎‎‎‎‎‎‎‎‎‏‏‏ךךךעעענננעעע‎‎‎תתת‎‎‎‎‎‎¢¢¢sss›››‚‚‚{{{‹‹‹———×××™™™–––˜˜˜¥¥¥×××–––“““•••¡¡¡¥¥¥£££¡¡¡›››˜˜˜’’’ƒƒƒ{{{···UUU;;;vvvLLLעעע״״״¹¹¹«««¬¬¬ֵֵֵ¥¥¥¥¥¥¬¬¬¹¹¹₪₪₪›››¢¢¢¦¦¦÷÷÷¾¾¾°°°«««¢¢¢¬¬¬¬¬¬xxxkkk~~~yyyaaaZZZgggfff„„„{{{aaafffxxxzzzjjj[[[JJJ===:::999DDDEEEBBBFFFFFFCCCGGGBBBAAAAAAAAA@@@?????????פפפץץץץץץצצצקקקררררררששששששששששששתתת‎‎‎‎‎‎‎‎‎‎‎‎‎‎‎‎‎‎‎‎‎‎‎‎‎‎‎‎‎‎‎‎‎‎‎‎‎‎‎‎‎‎‎‎‎‎‎‎‎‎‎‎‎‎‎‎‎‎‎‎ךךךעעעןןןעעע‎‎‎ששש‏‏‏‎‎‎ץץץףףףקקקחחחlllwww‚‚‚{{{rrr]]]cccpppttt———   ¥¥¥”””’’’———›››™™™›››‘‘‘„„„ooo›››°°°NNN666€€€^^^ֶֶֶטטטכככטטטֵֵֵ³³³°°°¼¼¼–––   ¦¦¦¨¨¨×××¢¢¢———¡¡¡©©©¾¾¾ֳֳֳ´´´­­­   ­­­­­­   „„„{{{lll{{{ssseeeZZZgggfff………{{{bbbeeewwwyyyjjj[[[LLL???<<<888CCCDDDBBBFFFGGGEEEHHHBBBAAAAAAAAA@@@?????????פפפץץץץץץצצצקקקררררררששששששששששששתתת‎‎‎‎‎‎‎‎‎‎‎‎‎‎‎‎‎‎‎‎‎‎‎‎‎‎‎‎‎‎‎‎‎‎‎‎‎‎‎‎‎‎‎‎‎‎‎‎‎‎‎‎‎‎‎‎‎‎‎‎תתתכככףףףמממססס‏‏‏‏‏‏€€€\\\\\\………vvvhhhTTTVVVLLLPPP___vvv‰‰‰“““˜˜˜›››   ›››”””‘‘‘•••——————™™™———•••’’’‹‹‹~~~rrr{{{›››©©©­­­@@@(((zzzzzzYYY444$$$888MMMaaa¹¹¹±±±ֱֱֱ®®®£££¥¥¥´´´₪₪₪©©©¥¥¥©©©÷÷÷¿¿¿´´´°°°₪₪₪¨¨¨×××†††~~~mmmyyyooolll]]]fffgggˆˆˆ}}}ddddddvvvyyyjjj\\\\\\LLL???===666AAABBBAAAEEEFFFDDDHHHBBBAAAAAAAAA@@@?????????פפפץץץץץץצצצקקקררררררששששששששששששתתת‎‎‎‎‎‎‎‎‎‎‎‎‎‎‎‎‎‎‎‎‎‎‎‎‎‎‎‎‎‎‎‎‎‎‎‎‎‎‎‎‎‎‎‎‎‎‎‎‎‎‎‎‎‎‎‎‎‎‎‎תתתלללפפפמממנננתתתשששפפפכככבבב___zzzgggkkkwww‚‚‚qqqmmmkkkppp£££˜˜˜–––“““‘‘‘“““‘‘‘•••‹‹‹‡‡‡wwwqqqooo”””’’’¬¬¬³³³222$$$………kkkEEE444======>>>QQQeee›››¾¾¾¸¸¸   »»»¥¥¥©©©¢¢¢©©©§§§²²²¶¶¶°°°°°°¦¦¦¡¡¡£££™™™ƒƒƒ}}}mmmxxxmmmppp___fffhhh’’’gggdddvvvxxxjjj[[[LLL???<<<555@@@AAA???DDDEEECCCGGGBBBAAAAAAAAA@@@?????????פפפץץץץץץצצצקקקררררררששששששששששששתתת‎‎‎‎‎‎‎‎‎‎‎‎‎‎‎‎‎‎‎‎‎‎‎‎‎‎‎‎‎‎‎‎‎‎‎‎‎‎‎‎‎‎‎‎‎‎‎‎‎‎‎‎‎‎‎‎‎‎‎‎ששש‏‏‏לללפפפםםםנננשששדדדֹֹֹµµµ¢¢¢zzzuuuppp{{{|||€€€‹‹‹———›››‚‚‚–––˜˜˜––––––”””‘‘‘‘‘‘’’’‡‡‡wwwssslllgggppp€€€˜˜˜———¥¥¥¬¬¬+++$$$’’’|||nnn___XXXQQQJJJSSS[[[SSSrrr{{{×××–––“““₪₪₪¦¦¦³³³···°°°®®®¡¡¡      ”””}}}xxxiiivvvllllll\\\\\\fffggg………‹‹‹{{{gggcccuuuwwwiiiZZZKKK>>>;;;555@@@AAA@@@DDDEEECCCGGGBBBAAAAAAAAA@@@?????????פפפץץץץץץצצצקקקררררררששששששששששששתתת‎‎‎‎‎‎‎‎‎‎‎‎‎‎‎‎‎‎‎‎‎‎‎‎‎‎‎‎‎‎‎‎‎‎‎‎‎‎‎‎‎‎‎‎‎‎‎‎‎‎‎‎‎‎‎‎‎‎‎‎ששש‏‏‏לללפפפםםםנננ׃׃׃€€€zzzyyyqqqhhhaaa```mmmfff………———¬¬¬±±±¹¹¹¶¶¶§§§¢¢¢£££™™™———’’’‘‘‘’’’†††zzzjjj```___ZZZZZZrrr‘‘‘¬¬¬(((xxxyyydddeeekkk]]]VVVYYYWWWfffhhh===vvv­­­§§§•••¥¥¥¹¹¹¿¿¿´´´«««™™™£££¢¢¢“““yyyssseeerrriiieeeXXXdddccc~~~‚‚‚uuueeecccuuuwwwhhhZZZJJJ===;;;666AAABBB@@@EEEEEEDDDGGGBBBAAAAAAAAA@@@?????????צצצצצצצצצקקקרררררררררשששתתתתתתתתת‎‎‎‎‎‎‎‎‎‎‎‎‎‎‎‎‎‎‎‎‎‎‎‎ררר‎‎‎רררררר‎‎‎‏‏‏צצצקקקהההנננרררץץץִִִ”””vvvxxxvvvjjjbbb```lllKKKJJJnnn‡‡‡”””₪₪₪°°°½½½¿¿¿···®®®«««¬¬¬©©©¢¢¢™™™‘‘‘†††~~~}}}```SSSNNNWWW```hhhyyy¢¢¢§§§©©©ˆˆˆyyynnnmmmqqqXXXgggeeeVVV___‘‘‘uuu‰‰‰¹¹¹•••qqq~~~‹‹‹}}}×××®®®¬¬¬®®®©©©£££¥¥¥’’’pppjjjdddssscccfff\\\\\\aaa]]]}}}rrrggggggppprrreeeRRREEE???>>>333;;;CCCFFFFFFGGGFFFDDDEEEDDDCCCBBBAAA@@@@@@@@@צצצצצצצצצקקקרררררררררשששתתתתתתתתת‎‎‎‎‎‎‎‎‎‎‎‎‎‎‎‎‎‎‎‎‎‎‎‎ששש‏‏‏קקקצצצ‎‎‎עעעצצצ‎‎‎ץץץדדד׃׃׃‹‹‹ssskkkqqqmmmfffkkkqqqggg===333XXXzzz………„„„‡‡‡’’’¢¢¢«««­­­¬¬¬¬¬¬®®®£££   •••ƒƒƒmmm]]]WWWRRRQQQZZZiiivvv~~~‰‰‰•••™™™™™™———sss&&&zzz~~~iii‹‹‹ˆˆˆooo™™™“““¼¼¼ץץץ¯¯¯sssSSS¯¯¯”””RRRZZZlllµµµ¢¢¢‹‹‹pppiii^^^mmmcccaaaYYY```\\\\\\|||€€€qqqggghhhppprrrfffTTTGGGAAA???333<<<DDDFFFFFFGGGGGGDDDDDDDDDCCCBBBAAA@@@@@@@@@צצצצצצצצצקקקרררררררררשששתתתתתתתתת‎‎‎‎‎‎‎‎‎‎‎‎‎‎‎‎‎‎‎‎‎‎‎‎‎‎‎‎‎‎ןןןתתתששששששןןןםםםֵֵֵ°°°–––………†††qqqcccaaajjjmmmooopppkkk___888,,,KKKhhhrrrpppjjjiiirrr€€€›››¢¢¢¥¥¥¥¥¥¬¬¬¢¢¢xxx___MMMHHHJJJYYYcccsss“““™™™›››“““‡‡‡bbb%%%ƒƒƒnnn{{{vvv‡‡‡zzzPPPvvvmmmyyyְְְ¾¾¾}}}\\\\\\```¸¸¸–––qqq```RRRNNN]]]www£££₪₪₪‘‘‘oooqqqqqquuuUUUccc\\\\\\ddd```}}}tttlllgggnnnpppeeeUUUIIIAAA>>>444<<<DDDFFFFFFGGGGGGEEEDDDDDDBBBAAA@@@@@@@@@@@@צצצצצצצצצקקקרררררררררשששתתתתתתתתת‎‎‎‎‎‎‎‎‎‎‎‎‎‎‎‎‎‎‎‎‎‎‎‎‏‏‏תתתעעע‎‎‎‎‎‎‎‎‎צצצההה©©©‚‚‚”””pppmmmggg^^^SSSMMM\\\\\\uuujjjeeehhhjjjiiinnnppphhhUUU<<<777IIITTTWWWZZZYYYUUUXXX```mmm{{{ƒƒƒ†††………„„„nnnUUUEEEFFFVVVfff|||ˆˆˆ’’’•••———™™™zzzRRR!!!{{{gggyyy‡‡‡VVV]]]===///[[[[[[```‘‘‘‚‚‚qqqRRR•••°°°zzz‰‰‰˜˜˜RRRPPP‡‡‡nnnkkk•••   {{{ooocccwwwrrrhhh```fff___|||€€€uuuooodddkkkmmmbbbSSSGGG@@@;;;444<<<CCCEEEEEEGGGGGGFFFDDDCCCBBBAAA@@@@@@@@@@@@צצצצצצצצצקקקרררררררררשששתתתתתתתתת‎‎‎‎‎‎‎‎‎‎‎‎‎‎‎‎‎‎‎‎‎‎‎‎ששש‏‏‏‏‏‏‎‎‎‏‏‏שששררר‎‎‎ִִִddd<<<LLLUUUiii___^^^dddeeeccccccdddSSSaaaqqqkkk[[[___rrrzzzOOO>>><<<DDDDDDDDDDDDAAADDDDDDGGGMMMVVV\\\\\\]]]\\\\\\MMMMMMJJJHHHNNN```www‡‡‡™™™£££§§§¡¡¡™™™’’’‰‰‰‚‚‚mmmCCC\"\"\"~~~ttttttƒƒƒ<<<YYY```666III]]]–––sss”””}}}\\\\\\TTT¸¸¸~~~………°°°‹‹‹RRRjjj×××ֵֵֵ´´´”””†††€€€„„„………dddhhhhhhjjj___cccZZZwww|||rrrlllccckkknnncccSSSGGG???;;;444<<<CCCDDDDDDFFFGGGEEEDDDCCCBBBAAA@@@?????????צצצצצצצצצקקקרררררררררשששתתתתתתתתת‎‎‎‎‎‎‎‎‎‎‎‎‎‎‎‎‎‎‎‎‎‎‎‎ץץץ‎‎‎צצצ{{{XXXccc]]]PPP]]]bbbaaaiiiooommmmmmfffUUUPPPZZZhhhfff]]]dddtttyyyOOO===777>>>CCCDDD:::)))888;;;>>>AAADDDFFFGGGGGG666;;;AAAMMMaaa{{{‘‘‘›››₪₪₪§§§₪₪₪   ”””‹‹‹}}}{{{eee777!!!€€€kkk|||YYYYYYYYYAAAGGG‘‘‘•••qqq~~~¡¡¡–––ppp–––°°°¼¼¼¬¬¬lllBBB]]]xxx‡‡‡§§§ִִִ®®®‡‡‡fffiiigggwwwjjjnnnaaaddd\\\\\\{{{uuullldddnnnrrrgggUUUGGG@@@>>>333;;;AAABBBCCCEEEFFFEEECCCCCCAAA@@@????????????צצצצצצצצצקקקרררררררררשששתתתתתתתתת‎‎‎‎‎‎‎‎‎‎‎‎‎‎‎‎‎‎‎‎‎‎‎‎ץץץצצצמממrrrhhhwwwgggNNNQQQ]]]kkkoootttllldddpppnnnSSS]]]WWW[[[bbbeeelllkkkaaaHHH999444<<<EEEHHH999...777AAAFFFEEECCCCCCEEEJJJKKKMMMYYYqqq‹‹‹™™™™™™™™™˜˜˜˜˜˜˜˜˜•••‡‡‡yyyxxx___...   ~~~jjj‰‰‰{{{VVV000222TTT   www___bbb„„„pppVVVˆˆˆ¨¨¨YYY@@@‡‡‡±±±………„„„€€€­­­ֵֵֵ®®®|||```nnnbbbfffccc………‹‹‹zzzmmmcccpppvvvjjjUUUEEE@@@???222:::@@@@@@AAACCCEEEDDDCCCBBBAAA@@@????????????צצצצצצצצצקקקרררררררררשששתתתתתתתתת‎‎‎‎‎‎‎‎‎‎‎‎‎‎‎‎‎‎‎‎‎‎‎‎ששש‏‏‏צצצפפפhhhhhhkkksssppp___UUU]]]bbb^^^\\\\\\ZZZiii………XXXUUUSSS\\\\\\dddbbb```]]]UUU:::222333:::@@@CCC666%%%333DDDKKKGGGCCCBBBEEEPPPQQQWWWfff”””———™™™‘‘‘‹‹‹ˆˆˆ………sssrrrXXX(((\"\"\"†††ooo^^^---;;;xxx‰‰‰iiiGGG………cccBBBTTTJJJYYYbbb000bbb®®®“““’’’nnnuuu•••ְְְױױױ×××”””iii^^^dddeee{{{jjjaaapppwwwjjjRRRBBB>>>???222999??????@@@BBBDDDCCCCCCBBBAAA@@@????????????ץץץצצצקקקקקקששששששתתתתתת‎‎‎‎‎‎‎‎‎תתתצצצשששקקקנננאאאlllkkkrrrqqqooolll___UUUWWWaaaPPPPPPiii~~~xxxbbbSSSLLL[[[cccnnneeeSSSYYY\\\\\\777888666999BBBGGG<<<+++---===BBBAAAAAA???;;;BBBNNN___oooyyy‚‚‚………‰‰‰………ƒƒƒ’’’‹‹‹€€€zzzsssEEE   $$$)))ttt”””lll‡‡‡mmm)))>>>–––pppfff111~~~oooYYYRRRnnnQQQ555   ®®®‚‚‚gggddd®®®¥¥¥°°°בבב«««rrrfffdddZZZ‹‹‹ˆˆˆllluuugggmmmmmmrrrTTTBBB666BBB888===??????AAADDDEEEBBBFFFEEEBBB@@@>>>>>>===>>>צצצצצצקקקררררררשששתתתתתתתתת‎‎‎‎‎‎‎‎‎עעעץץץתתתששש‎‎‎¹¹¹yyyeeedddtttzzzwwwsssjjj\\\\\\SSSYYY^^^bbbdddaaaWWWNNNKKKMMMXXX[[[ddd]]]OOOUUUVVV555666666999CCCIII???///\'\'\'666===???AAA@@@>>>>>>EEEOOOXXX___fffmmmqqq~~~~~~}}}€€€‡‡‡ƒƒƒyyynnnWWW222$$$\'\'\'kkk£££fff———………FFF666[[[———]]]XXX<<<¡¡¡nnnbbbGGGRRR‚‚‚™™™888§§§ppp–––†††jjjPPPµµµ···“““¸¸¸•••²²²±±±“““[[[nnnsss]]]dddiiigggjjjNNN>>>222;;;333888<<<===@@@EEEFFFEEEFFFDDDBBB@@@>>>=========קקקקקקקקקררררררשששששששששתתת‎‎‎‎‎‎‎‎‎ששש‏‏‏צצצפפפקקק®®®‚‚‚kkkhhhjjjiiiˆˆˆ™™™†††tttbbbSSS[[[nnnqqqaaaPPPEEECCCIIIPPPVVVSSSYYYWWWNNNSSSOOO222555666:::CCCJJJCCC555\Z\Z\Z$$$000888===???@@@@@@888;;;>>>CCCKKKVVVccclllxxx{{{~~~………………~~~tttkkk@@@\'\'\'&&&$$$VVV«««bbbnnn)))BBB„„„‚‚‚QQQOOORRRQQQZZZIII[[[………ooo...˜˜˜lll···‚‚‚DDD^^^׀׀׀¢¢¢‰‰‰ƒƒƒ¬¬¬בבבײײײֳֳֳzzzppp‚‚‚tttkkkhhhkkkfffhhhOOOCCC555:::000666;;;===???CCCEEEDDDEEEDDDBBB@@@>>>======<<<ררררררררררררררררררררררררתתת‎‎‎‎‎‎‎‎‎פפפ‏‏‏‎‎‎ץץץ¼¼¼```–––MMMrrr“““‡‡‡uuubbb\\\\\\[[[WWWZZZfffaaaUUUPPPFFF???GGGTTTXXXQQQUUUVVVQQQSSSJJJ222666888:::CCCKKKFFF;;;$$$\'\'\'---666;;;===???@@@<<<<<<<<<>>>DDDQQQaaalllsssxxx|||~~~~~~xxxpppfff666(((!!!+++)))EEE¨¨¨eee¨¨¨TTT---RRR₪₪₪cccYYY???vvvkkkBBBPPPPPPkkk{{{EEE]]]₪₪₪mmm©©©NNNNNN®®®iiiwww¢¢¢כככססס¬¬¬sssvvvtttƒƒƒtttkkklllppphhhiiiQQQIII:::;;;222888===>>>>>>AAABBBAAADDDCCCAAA@@@>>>===<<<;;;ררררררררררררררררררררררררתתת‎‎‎‎‎‎‎‎‎צצצףףףתתתץץץסססMMMaaasssaaa–––qqq\\\\\\\\\\\\ZZZWWWRRRHHHKKKOOOFFFHHHRRRDDD666CCCTTTZZZRRRTTTUUUSSSTTTGGG444888:::;;;BBBKKKIIIAAA+++&&&(((111999;;;>>>BBBFFFEEECCCBBBEEENNNZZZcccmmmqqquuuttttttrrrmmmfffPPP...(((\"\"\"---222>>>jjj©©©WWW222fff₪₪₪SSS[[[...–––[[[IIICCCPPPvvvlll\'\'\'‘‘‘£££RRRiii777———˜˜˜PPPggg×××ְְְֲֲֲ“““ˆˆˆ|||………ttt‚‚‚|||ggghhhnnnfffdddNNNIII:::888222999?????????AAABBBAAABBBBBBAAA@@@>>><<<;;;:::קקקקקקקקקררררררשששששששששתתת‎‎‎‎‎‎‎‎‎צצצססס‏‏‏ששש°°°999]]]UUU„„„———€€€aaaMMM\\\\\\vvvooo]]]SSSIIIEEELLLEEEKKKXXXEEE555HHHPPPZZZRRRPPPOOOOOOSSSFFF555999::::::AAAKKKMMMHHH...###   +++666999===CCCGGGHHHIIIJJJLLLRRR\\\\\\bbbhhhlllnnnmmmllljjjccc[[[???...\'\'\'###---333666ooo™™™ggg+++vvv€€€KKKEEEHHHIIIGGGGGG```uuuKKK%%%³³³ooojjj………555ooo   ^^^}}}‹‹‹£££ֲֲֲ¼¼¼‹‹‹MMMooo‹‹‹———}}}xxx€€€sssbbblllfffbbbLLLJJJ;;;666...777???@@@???AAACCCCCCAAAAAA@@@???>>><<<:::999צצצצצצקקקררררררשששתתתתתתתתת‎‎‎‎‎‎‎‎‎פפפקקקררר‎‎‎ןןןVVVbbbTTT^^^®®®TTTKKK???UUUiii\\\\\\SSSZZZXXXIIIWWWNNNNNN^^^NNN:::HHHMMMZZZSSSKKKGGGIIIRRRHHH444999:::999???LLLRRRPPP666%%%)))555777;;;CCCAAAEEEIIILLLPPPUUU\\\\\\bbbbbbeeegggggggggcccXXXMMM666111###)))333555888„„„ˆˆˆggg999ƒƒƒZZZ===333{{{………BBB<<<RRRmmmfff...```´´´JJJ|||```KKK’’’ccc|||”””‘‘‘¹¹¹ֱֱֱ```}}}qqq~~~„„„tttyyykkk^^^kkkhhhcccLLLKKK===777...777??????>>>???@@@@@@@@@@@@@@@???>>>;;;999888ץץץצצצקקקקקקששששששתתתתתת‎‎‎‎‎‎‎‎‎‏‏‏עעעפפפiii:::YYYUUUNNN]]]¡¡¡|||iiiWWWAAALLLbbbdddfff```EEEIIIYYYJJJCCC[[[SSS999;;;LLL\\\\\\SSSHHHAAAEEESSSLLL333888999777???MMMVVVVVV???+++!!!+++555666999BBBAAADDDGGGIIIJJJMMMQQQUUUXXX[[[^^^______ZZZLLL>>>,,,......===>>>FFF›››   ‚‚‚]]][[[KKK///444˜˜˜qqqSSS999RRRdddUUU+++}}}SSSbbb\'\'\'™™™aaavvv‹‹‹³³³ֻֻֻPPP{{{………‹‹‹ooowwwjjjWWWhhhfff```IIIHHH;;;555000999@@@???<<<;;;;;;;;;@@@@@@@@@???>>>;;;999888צצצצצצקקקררררררשששתתתתתתתתת‎‎‎‎‎‎‎‎‎רררפפפfffAAAUUUUUUSSSPPPQQQ[[[mmm|||cccHHH;;;OOOfffeeeVVVMMMJJJNNNQQQEEEVVV___???999MMMRRRVVVCCCAAA===WWWMMM444666>>>AAA@@@KKKYYY[[[TTT333   --->>>888999AAAGGGMMMMMMJJJJJJQQQXXX[[[WWWVVVZZZ\\\\\\TTTDDD777,,,666\"\"\"IIILLLKKKFFFsssZZZsss¢¢¢888,,,DDD–––wwwEEE666SSSlllCCCCCC©©©aaaPPP555VVV÷÷÷ffflll€€€₪₪₪²²²®®®›››uuu|||SSS¥¥¥mmmƒƒƒnnnuuu___YYYgggkkk\\\\\\CCCKKK:::999,,,333;;;===;;;:::<<<@@@?????????>>><<<:::777666צצצצצצקקקררררררשששתתתתתתתתת‎‎‎‎‎‎‎‎‎ץץץLLLGGGSSSUUURRRHHHGGGUUUhhhtttttt]]]CCCFFF^^^fff\\\\\\UUUFFFJJJNNNDDDUUU]]]???777JJJKKKWWWCCC???@@@QQQMMM333666999333555OOOfffiii555%%%,,,...===888>>>CCCHHHJJJJJJLLLRRRXXXXXXUUUTTTWWWWWWNNN>>>000555222---333:::\\\\\\‚‚‚(((,,,fffjjj„„„{{{888+++aaa‚‚‚ooo<<<555KKK\\\\\\888WWW₪₪₪YYYKKK%%%’’’TTT\\\\\\———ֱֱֱµµµZZZHHHmmmlll‚‚‚uuurrrqqq]]]XXXeeehhh[[[CCCKKK999999///555;;;<<<999888;;;???>>>>>>===;;;:::888666555צצצצצצקקקררררררשששתתתתתתתתת‎‎‎‎‎‎‎‎‎ףףף+++NNNXXXWWW[[[VVVHHHCCCNNN```jjjzzzpppPPP???VVVggg```YYYEEEIIIKKKEEETTT\\\\\\DDD888EEE@@@XXXEEE>>>DDDGGGNNN<<<555111333CCCZZZUUU:::’’’ddd%%%***,,,&&&???222777;;;BBBGGGJJJLLLNNNOOOSSSSSSSSSSSSPPPGGG999...777333111===:::iii\0\0\0III|||PPP000\"\"\"{{{qqqnnn888:::GGGKKK444}}}]]]666@@@WWWLLL‡‡‡­­­¶¶¶“““:::|||₪₪₪TTTsssfffZZZ‹‹‹xxxmmmsssuuuaaaYYYbbbdddYYYCCCJJJ777888333666999999666666:::>>>>>>===;;;999777555444333צצצצצצקקקררררררשששתתתתתתתתת‎‎‎‎‎‎‎‎‎פפפ±±±___\\\\\\[[[[[[XXXOOOFFFDDDMMMYYYhhhttt\\\\\\BBBRRRfff___VVVLLLNNNLLLHHHRRRZZZJJJ:::AAA888XXXJJJ@@@III@@@OOO>>>222111>>>KKKKKK...AAAZZZEEE000...///888888777:::???EEEIIIJJJGGGDDDJJJPPPRRRNNNGGG@@@;;;666999>>>)))<<<JJJsss[[[\0\0\0444ˆˆˆ}}}===((((((ˆˆˆkkkppp999???AAA===999sssNNN&&&sssƒƒƒ444^^^®®®´´´;;;QQQ©©©]]]bbbKKK†††mmm}}}www€€€ppp]]]```___WWWCCCIII555777333555666666444666;;;???>>>===:::777555444333333צצצצצצקקקררררררשששתתתתתתתתת‎‎‎‎‎‎‎‎‎‏‏‏yyy111XXXSSSZZZTTTUUUWWWLLL;;;:::EEERRRjjj```FFFLLL```bbbZZZVVVTTTLLLIIINNNVVVPPP:::@@@555SSSQQQEEEMMM>>>OOO666---777CCC999$$$\n\n\n^^^OOO---333---DDDBBBAAA@@@@@@BBBCCCBBB@@@AAAKKKPPPHHH>>>===AAADDDEEEFFF---:::EEE|||000---•••YYY888\'\'\'DDD„„„nnnppp;;;===999555HHH¨¨¨aaa***///‘‘‘mmm000€€€´´´WWWPPP\\\\\\XXXccc```mmmnnn‰‰‰ˆˆˆ‚‚‚dddaaa[[[UUUCCCHHH444666111222444444444777;;;???===<<<:::777555444333333צצצצצצקקקררררררשששתתתתתתתתת‎‎‎‎‎‎‎‎‎‏‏‏‏‏‏MMMAAAJJJVVV[[[TTTVVV\\\\\\TTTBBB;;;@@@IIIZZZ[[[GGGAAAWWWgggbbb\\\\\\YYYMMMLLLMMMRRRSSS999@@@666KKKWWWKKKNNN???LLL666(((222BBB333\r\r\r\"\"\"EEE777XXXddd222222>>>MMMIIIDDDAAA@@@AAAAAAAAA???JJJOOOGGG???BBBJJJNNNNNNBBB;;;999+++vvv+++\n\n\n:::CCC111&&&WWWpppyyynnnBBB;;;666;;;aaaHHH$$$EEE???RRR˜˜˜›››000›››€€€DDDƒƒƒ___bbb›››ddd|||………˜˜˜nnndddZZZTTTDDDGGG333777...000222444555888;;;===;;;:::888777555444333333צצצצצצקקקררררררשששתתתתתתתתת‎‎‎‎‎‎‎‎‎ףףף555EEEJJJUUUYYYYYYZZZYYYWWWSSSMMMHHHHHHHHHPPPGGG:::OOOhhhbbb^^^\\\\\\PPPSSSPPPTTTXXX888@@@999@@@[[[OOOLLLAAAHHH:::(((---<<<333BBB•••222999zzzNNNKKK@@@TTTXXX\\\\\\]]][[[UUUNNNJJJJJJQQQSSSMMMLLLRRRTTTRRRKKKBBBHHH<<<///___+++III………HHH---%%%VVViiifffFFF777444EEEzzz000333ddd...~~~˜˜˜‹‹‹>>>ppp}}}VVV|||bbb]]]×××ccckkk†††………”””xxxhhhYYYTTTDDDFFF222777---///222555777888888888777777666666555333222111צצצצצצקקקררררררשששתתתתתתתתת‎‎‎‎‎‎‎‎‎״״״&&&???MMMDDDRRRZZZXXXNNNQQQ^^^[[[LLLGGG;;;GGGHHH777JJJdddZZZ___^^^SSSZZZVVVXXX]]]999@@@:::888]]]RRRIIIBBBDDD444,,,111444###AAA”””www???zzzdddWWW]]]jjj{{{………‚‚‚tttcccWWWVVVYYYXXXUUUYYY```\\\\\\RRREEELLLQQQCCCOOOKKK!!!   III]]]TTT111(((RRRuuu€€€ZZZDDD///000HHH„„„ggg***222„„„KKKVVV”””QQQAAA’’’XXXjjjmmmLLLooo‡‡‡bbbwwwˆˆˆ†††•••~~~kkkZZZTTTDDDFFF222888---000333777888777555444333444444555444222111000ץץץצצצקקקררררררשששרררררר‎‎‎‏‏‏~~~;;;QQQFFFCCCRRRUUUZZZZZZRRRJJJLLLUUU\\\\\\RRRPPPSSS222222aaacccYYYYYYWWWWWW]]]^^^OOO<<<888CCC...EEEdddKKKAAANNN444---...222(((\'\'\'ZZZ^^^\"\"\"VVVtttdddwww‘‘‘¡¡¡†††aaa___```^^^```[[[YYYmmm666fffRRRUUUiii^^^666///AAA???NNN444%%%[[[vvvvvvnnn>>>111000ZZZ999!!!<<<˜˜˜GGGbbb………bbb888dddPPPnnnYYYKKKzzzggg’’’‚‚‚‘‘‘{{{lllXXXUUUEEEGGG:::000222000111666888666555666666666666666444222000///ץץץצצצקקקררררררשששרררררר‎‎‎‎‎‎‎‎‎‎‎‎‏‏‏‎‎‎טטט===NNNOOOGGGHHHLLLSSS\\\\\\]]]UUULLLIIILLLUUU^^^ZZZMMM...555```cccYYYYYYWWWUUUZZZZZZKKK888999AAA(((999^^^UUUIIIKKK777,,,***000***\Z\Z\Z###   \'\'\'###---###000fff‚‚‚|||‰‰‰«««´´´¶¶¶sssdddeeeggg```hhh```>>>^^^¬¬¬sssZZZ___JJJ000***+++222===@@@HHH000[[[tttrrrjjjAAA111+++ccc444%%%HHH„„„EEEbbbhhhKKKVVVsssccc†††OOOEEElll˜˜˜˜˜˜ppplllxxx”””‹‹‹‰‰‰wwwnnn]]]SSSEEE???666111222000111555888666555666666666666555444222000///פפפץץץצצצקקקרררררררררררר‎‎‎‎‎‎‎‎‎‎‎‎‎‎‎###XXXRRRFFFEEEDDDOOO[[[^^^YYYPPPJJJFFFKKKZZZXXXMMM888666TTTdddZZZ[[[XXXUUUWWWVVVHHH666666EEE...///NNNTTTNNNLLL>>>+++%%%...,,,)))111&&&\Z\Z\Z222)))///LLL“““”””•••©©©···¾¾¾¦¦¦~~~iiijjjgggXXXkkkVVV!!!ַַַ©©©dddHHHOOOBBB888===:::999===JJJDDD000```|||wwweee@@@---...|||uuu\'\'\'+++WWWkkkJJJ```DDD999‚‚‚ƒƒƒsssnnnLLLaaa†††‘‘‘•••tttmmm„„„~~~mmm‰‰‰sssqqqeeeRRRHHH999333666222000000555777555555666555555555555333111///...פפפפפפצצצקקקררררררששששששללל888BBBNNNVVVGGGCCC???JJJVVV[[[YYYVVVQQQMMMGGGIIIGGGPPPMMM999BBBbbb[[[\\\\\\YYYUUUVVVUUUIII999333MMMAAA...999GGGKKKMMMFFF///$$$,,,---!!!!!!---888///+++$$$000111\"\"\"|||›››––––––©©©²²²   |||jjjlll[[[lllVVV...yyyךךךpppLLL999BBBIIIIIIGGGEEE;;;???SSS@@@---```†††bbb;;;)));;;˜˜˜ggg444```\\\\\\SSSVVV...===‘‘‘oooDDDFFFxxxzzz‹‹‹€€€mmmzzzsss]]]’’’pppqqqtttkkkVVVLLL:::555:::222//////333666555444666444444444444222000...---ףףףףףףץץץצצצררררררשששששש‎‎‎‎‎‎‎‎‎‎‎‎’’’TTTHHHPPPLLLJJJ???DDDLLLSSSVVVVVVWWWYYYMMMFFF@@@HHHSSSCCC<<<WWWXXX[[[YYYTTTTTTTTTJJJ===555NNNJJJ......@@@FFFKKKJJJ555)))---,,,###$$$///;;;))),,,///;;;&&&555jjj“““’’’˜˜˜₪₪₪¨¨¨———yyykkkaaabbbcccFFF===צצצ’’’\\\\\\\\\\\\GGG>>>QQQRRRHHHMMM666AAAVVV999\'\'\'UUU‹‹‹ccc<<<\'\'\'GGG›››RRR>>>cccYYYWWWEEE\'\'\'JJJ”””qqqQQQUUU###fff   ___}}}xxxiiiVVVMMM```•••gggppprrrlll]]]LLL===666:::222///...222555444444666333333333333111///---,,,עעעףףףפפפצצצקקקרררשששששש‎‎‎‎‎‎‎‎‎‏‏‏פפפ;;;888FFFQQQCCCNNNPPPDDD???BBBLLLQQQNNNQQQYYYVVVTTTKKK>>>IIIOOOBBBKKKUUUYYYXXXRRRQQQQQQJJJ???:::GGGHHH///000CCCDDDGGGHHH<<<222///***$$$\'\'\'000EEE;;;000999,,,(((„„„zzz‡‡‡¦¦¦¥¥¥¡¡¡sssbbbqqqMMMIII...ׂׂׂhhhVVV```OOOEEEVVVWWWHHHIII888LLLVVV555(((GGGvvvfff@@@\'\'\'UUU‰‰‰;;;+++GGGeeeXXXKKK777,,,NNNpppZZZHHHPPPkkkppp___aaafff```qqqooo222“““~~~fffmmmooollliiiCCC>>>666555222......111333333333666222222222222000...,,,+++סססעעעפפפצצצקקקרררששששששתתתששששששתתת₪₪₪###WWW@@@SSSAAANNNLLLIII;;;;;;JJJLLL??????JJJVVVXXXZZZGGGGGGPPPCCCHHHVVVZZZYYYSSSPPPPPPJJJAAA999@@@KKK888222???>>>IIIBBBBBB<<<111\'\'\'%%%,,,222AAAFFF777///)))sssƒƒƒ‘‘‘₪₪₪———‡‡‡ooohhhVVVaaa$$$¨¨¨uuubbbNNNFFFLLLQQQTTTOOO@@@???ZZZRRR222,,,\Z\Z\Z888‰‰‰wwwkkk;;;###iii~~~,,,444JJJgggTTT333555777IIIQQQOOOGGG,,,<<<uuuKKKddd[[[iiilll———MMM@@@°°°iiiggglllpppqqq{{{888<<<555333222...---000333222333666111111222111000...,,,***סססעעעפפפץץץקקקרררששששששרררצצצץץץפפפצצצששש‎‎‎>>>...FFFJJJHHHIIIPPPFFFMMM:::999JJJIII444...;;;PPPNNN```ZZZPPPJJJ===KKKYYY^^^]]]UUUQQQQQQLLLCCC555???UUUCCC000333666NNN===DDDBBB222&&&\'\'\'///444@@@@@@EEE===777***„„„”””ƒƒƒpppfffYYY555תתתֽֽֽ†††}}}MMMAAAOOOBBBKKKVVV===BBB___JJJ+++,,,***€€€€€€mmm000}}}€€€\'\'\'555JJJiiiNNN   ;;;BBBCCCCCC666555(((TTT[[[ZZZYYYrrr|||‡‡‡€€€BBBwwwyyyiiifffmmmssswww‰‰‰222;;;555333222...---000222222333666111111111111///---+++***ללל‎‎‎ףףףחחחףףףרררףףףקקקיייתתתכככזזז´´´װװװ>>>LLLCCCEEEMMMKKKEEEFFFDDD<<<999DDDNNN@@@)))333<<<MMM^^^ddd[[[HHH:::YYYWWWUUU[[[TTTTTTZZZDDD;;;AAANNNLLL;;;555>>>DDDHHH;;;??????(((***000>>>IIIMMM>>>???,,,###```שששyyyttt’’’uuuhhhLLL999EEEִִִצצצׁׁׁ½½½fffggg¢¢¢[[[;;;???LLLVVVGGG999@@@fffAAA***!!!;;;bbb“““ggg\Z\Z\Z444~~~\\\\\\***AAAPPPbbbAAA###,,,<<<MMMRRRHHH(((FFFcccHHHTTT‹‹‹FFFaaaaaaZZZtttqqqooo‡‡‡………@@@777777333111+++(((+++...///000222//////000///...,,,***(((מממווו‎‎‎‏‏‏פפפרררףףףרררןןןןןןךךך›››נננ\'\'\'>>>EEE===AAAHHHFFFBBBIIIHHHAAA999:::BBBCCC===---,,,---111666999999999RRRRRROOOXXXZZZWWWZZZLLL777===LLLMMM;;;333>>>HHHFFF777999CCC777$$$!!!(((CCCFFFLLLFFFIIIGGG***ֹֹֹצצצ³³³“““„„„‘‘‘}}}™™™ֳֳֳסססדדדײײײ???ccc”””ZZZCCCEEEMMMVVVIII<<<JJJeee<<<)))###999___fff###???yyyVVV///666EEEfff===777777\"\"\"///444IIIOOOKKKfffzzzwwwVVVccc”””rrrMMMiiiaaajjjsssqqqppp___@@@&&&:::222,,,(((+++......///111////////////---+++)))(((םםם‎‎‎םםםאאאטטטדדדמממטטטההההההֽֽֽ‎‎‎666222===>>>;;;AAAEEEAAA@@@GGGIIIGGG>>>555555@@@KKK;;;444(((   !!!&&&)))HHHRRRMMMUUU]]]XXXXXXQQQ777:::IIIOOO===222<<<HHHEEE666000>>>BBB,,,&&&@@@BBBNNNRRRAAAGGGCCC‏‏‏קקקכככץץץחחח­­­___SSSUUUJJJJJJLLLVVVNNNCCCWWW```777(((!!!%%%666]]]}}}[[[$$$KKKsssRRRCCC<<<LLLkkk666999(((111LLLTTTLLLRRReeemmmkkkggglll}}}tttNNNFFFUUURRRaaajjjhhhnnnyyyCCC###:::222,,,(((***---------///............---+++(((\'\'\'קקקןןן»»»ִִִִִִּּּ¹¹¹ׁׁׁךךךֲֲֲ¾¾¾888<<<999:::DDDEEEAAACCCEEEFFFHHHFFF;;;333999FFFJJJEEE===555000***999XXXUUUPPPWWWVVVUUUOOO<<<888DDDNNNBBB777===FFFFFF>>>///222===000!!!***???AAAKKK[[[CCC;;;VVVDDD׀׀׀‏‏‏‎‎‎ששש‎‎‎‎‎‎רררפפפךךךִִִׁׁׁKKKcccsssQQQJJJGGGGGGUUUSSSKKK\\\\\\YYY444(((   &&&555^^^€€€PPP###UUUkkkKKKQQQEEEPPPaaa111///\Z\Z\Z@@@@@@NNNWWWXXXUUUOOOUUUgggiii}}}mmm>>>FFFUUUFFFVVV\\\\\\[[[mmm|||{{{@@@222444222,,,((()))+++++++++---------...---,,,***(((&&&חחח¡¡¡³³³לללֽֽֽ«««₪₪₪www‚‚‚×××²²²ױױױfff<<<;;;333222===AAACCCKKKJJJEEEEEEHHHCCC999777===FFFFFFDDDCCCBBB999###\'\'\'XXX\\\\\\LLLMMMSSSVVVLLL???555<<<IIIGGGCCCEEEFFFFFFKKK<<<///444111%%%%%%AAAIIIEEEXXXUUUDDDRRRSSSןןןקקק‏‏‏שששָָָדדדooo:::vvvuuuRRRIIICCCAAAPPPRRRMMM[[[PPP222(((\'\'\'444^^^JJJ***aaaeeeAAAGGG:::BBBPPP111###)))???888:::LLLZZZPPPIII\\\\\\ssslllEEEPPPUUUYYYkkkbbbaaa^^^```dddpppxxxAAA555222222+++\'\'\'(((*********+++,,,,,,,,,,,,+++)))&&&%%%™™™ˆˆˆ׳׳׳———ssshhhlllggg¸¸¸’’’ַַַzzz;;;;;;000(((///888@@@LLLPPPGGGBBBDDDDDD>>>::::::EEEEEEBBB??????:::\'\'\'MMMYYYJJJEEEPPPZZZKKK<<<222666CCCIIIMMMOOOHHHEEEQQQLLL999222111\'\'\'777PPPKKKHHHOOOKKKLLLTTT˜˜˜נננסססרררקקקזזז׀׀׀נננׁׁׁBBBhhhwwwzzzTTTKKKEEE@@@JJJMMMMMMWWWFFF///%%%***333WWW„„„>>>555gggbbbBBB>>>222CCCTTT000111999+++000777FFFPPPRRR^^^qqqzzzgggCCC[[[jjjfffxxxrrr```eeepppJJJUUUzzzFFF(((666111***&&&\'\'\')))))))))+++++++++,,,+++***(((&&&$$$VVV†††°°°………eeejjj___pppwwwKKK™™™ללל   ¦¦¦ײײײ111111:::666+++,,,111666>>>GGGDDDBBBAAA@@@===:::888BBBFFFFFF@@@<<<777)))<<<NNNMMMDDDLLLYYYIII:::444777>>>DDDPPPRRRGGGFFFLLLOOOCCC444222...///JJJWWWEEECCCKKKJJJSSS!!!־־־עעעצצצתתתבבבֲֲֲ888nnn‹‹‹tttQQQOOOOOOFFFIIIKKKQQQUUU@@@,,,!!!000111LLLrrr666CCCcccZZZOOODDD<<<JJJ]]],,,+++AAA<<<222999EEE<<<???bbbrrrmmmpppeeerrrqqqdddooouuuddd___jjjlll>>>]]]vvvBBB###666///)))%%%\'\'\')))((()))+++***++++++***)))\'\'\'%%%$$$QQQTTT777SSS\\\\\\RRRtttfff^^^XXX¼¼¼¡¡¡kkk%%%:::@@@666222000,,,---888>>>CCCBBB>>>:::666333444AAAJJJGGG@@@:::---   111DDDPPPFFFGGGUUUFFF:::999;;;;;;???LLLPPPCCCIIIDDDJJJFFF555444666+++666<<<YYYUUUNNNTTTCCC@@@...ייישששקקקתתתפפפרררשששתתתןןן———>>>nnn   jjjKKKQQQWWWMMMJJJNNNYYYVVV===)))555000BBBmmm:::QQQ\\\\\\PPPWWWKKKHHHAAAXXX(((KKKFFF111DDDBBBJJJ)))000qqqwwwXXXdddiiisssnnnrrr|||jjj[[[eeelllXXXDDD~~~lll888,,,111...((($$$&&&(((((()))+++************)))&&&$$$###PPPKKKKKKUUUOOOZZZhhh\\\\\\aaaXXX………¨¨¨÷÷÷¦¦¦|||AAA...000777@@@???666...,,,(((\'\'\'+++777BBBEEE===333***333666///+++///111///+++>>>CCCZZZMMMAAATTT555333444CCCPPPIIIDDDMMMHHHKKKIII@@@999666111+++\'\'\'PPPDDD===ֿֿֿ{{{&&&HHHחחחףףףץץץ‎‎‎ןןן‎‎‎קקק€€€BBB{{{………TTTPPPJJJHHHGGGIIINNNRRRJJJ222%%%\Z\Z\Z\"\"\"222555???UUUIIINNNaaaTTTEEESSSUUU>>>BBB///111\Z\Z\Z000???///%%%@@@ggggggVVVXXXUUU___ffffffdddeeeeeecccKKKNNNxxx………QQQ---222333***&&&###%%%\'\'\'&&&(((***((()))******)))&&&$$$\"\"\"nnnVVVRRROOOLLLNNNhhhfffDDDTTTWWWbbbvvvIII\Z\Z\Z\Z\Z\Z***...777BBBEEEAAA<<<;;;,,,&&&   %%%///888===BBB999666999333&&&\"\"\"&&&***...EEEMMMRRRTTT;;;;;;777>>>NNNQQQLLLMMMMMMPPPNNNEEE<<<666...(((///666\'\'\'^^^חחחצצצyyy333RRRֲֲֲשששפפפששש‏‏‏‏‏‏‎‎‎‎‎‎בבבcccFFF‚‚‚hhhKKKIIIGGGFFFFFFGGGIIIJJJGGG///\"\"\"   ///222;;;RRRAAAJJJVVVLLLEEEKKKSSSMMM;;;$$$\"\"\"444444<<<RRRbbb^^^WWW\\\\\\WWW[[[aaagggmmmkkk[[[JJJNNN]]]€€€‚‚‚SSS333111///+++&&&$$$%%%\'\'\'&&&\'\'\')))\'\'\'((())))))(((&&&$$$\"\"\"]]]:::AAAFFFEEE...888666...222)))000444)))###&&&\'\'\'+++666BBBJJJKKKKKKLLLBBB;;;///\"\"\"   ,,,666;;;666:::FFFGGG777$$$!!!000:::666PPPOOOMMMAAAAAA888888JJJVVVRRRLLLKKKMMMLLLDDD;;;222***$$$555444###[[[ֿֿֿ¾¾¾VVVIII```’’’רררעעע‏‏‏‏‏‏שששֹֹֹHHHPPP………QQQEEEFFFHHHIIIJJJJJJHHHFFFBBB***---000:::RRR;;;IIIJJJDDDGGGCCCRRRccc???$$$   444???TTTaaa\\\\\\[[[dddjjjkkkeee^^^[[[^^^^^^VVVLLL[[[qqq‚‚‚uuuRRR888111000+++\'\'\'$$$%%%&&&%%%%%%\'\'\'&&&&&&\'\'\'\'\'\'\'\'\'%%%$$$###***777DDD+++$$$:::DDD999TTTVVVKKK@@@///777<<<000000333:::BBBGGGHHHHHHHHHNNNNNNIII>>>222)))\'\'\'(((***666>>>AAAIIIMMM???***\"\"\"\n\n\n,,,555@@@NNNOOOCCC@@@777888HHHQQQNNNNNNJJJKKKIIICCC;;;333,,,(((---<<<222777eee\\\\\\;;;\\\\\\kkkvvvווותתתפפפפפפ´´´AAAeee|||MMMFFFJJJNNNOOOOOOOOOLLLHHH<<<&&&\Z\Z\Z!!!///222???TTT<<<MMMDDDCCCMMMAAAVVViiiKKK%%%$$$!!!***$$$+++EEEGGGVVVZZZQQQ[[[lllkkkVVVaaakkkmmmggg```]]]]]]lllzzzwwwfffTTT===///444,,,\'\'\'$$$%%%%%%######&&&$$$%%%%%%&&&%%%$$$######״״״‘‘‘KKK777@@@JJJ222???555444+++###333333***>>>999;;;===>>>???@@@@@@???EEEHHHKKKJJJEEE===555111444>>>@@@;;;???JJJIII<<<***000;;;%%%KKKPPPDDD>>>777>>>JJJIIIHHHRRRPPPOOOLLLGGG???777222000!!!+++222)))...:::DDD```ooorrrַַַ‏‏‏ררררררךךךףףף–––DDD}}}lllJJJFFFLLLOOONNNOOOPPPMMMGGG666$$$!!!%%%000666HHHMMM>>>MMMBBBFFFTTTGGG___cccVVV%%%\'\'\'***   ???```RRRPPPQQQPPP___gggZZZkkkqqqtttlll^^^VVV\\\\\\ffftttvvvhhh```]]]CCC+++111,,,\'\'\'###$$$$$$\"\"\"\"\"\"$$$$$$$$$$$$$$$######\"\"\"\"\"\"UUU===333555666***YYYזזז¬¬¬///   $$$000)))&&&+++...111222777>>>BBBCCC@@@@@@AAACCCEEEFFFEEEDDD???AAAFFFJJJHHHAAA<<<;;;222\"\"\",,,\"\"\"333RRRHHH@@@:::CCCMMMGGGGGGVVVRRROOOLLLHHH???666000000\'\'\'///000%%%...EEEbbbmmmxxx°°°‎‎‎קקקרררשששלללךךךsssNNN†††\\\\\\???CCCJJJMMMJJJJJJKKKGGG@@@000\"\"\"%%%%%%\'\'\'///888OOOBBBAAAKKKCCCIIITTTOOOeeefff]]]\'\'\'***,,,$$$OOOppp```VVVVVV]]]fffbbbTTTzzznnn]]]PPPJJJPPP```nnnrrrnnncccdddfffKKK,,,)))+++&&&######$$$\"\"\"\"\"\"$$$$$$######\"\"\"!!!!!!      111aaauuu***777777}}}$$$   &&&!!!###$$$***555<<<=========<<<===???BBBEEEHHH@@@BBBEEEFFF???333\'\'\'!!!\Z\Z\Z///&&&\Z\Z\Z\'\'\'$$$QQQLLLEEE<<<???KKKMMMLLLSSSJJJHHHIIIHHHAAA555...------$$$000///$$$$$$???qqqjjjxxx©©©ררר‏‏‏רררעעעןןןֽֽֽ\\\\\\eeewwwNNN???AAAJJJNNNJJJIIIIIIBBB888,,,\"\"\"((((((&&&***555PPP===KKKLLLGGGLLLNNNQQQbbbfffRRR%%%!!!%%%(((!!!===RRRPPPKKKMMMUUUWWWXXX^^^LLLJJJMMMWWWaaaggglllqqqqqqooogggdddbbbPPP666(((***%%%\"\"\"######\"\"\"\"\"\"$$$$$$###\"\"\"!!!   ©©©¨¨¨...PPP&&&jjjתתת(((%%%***!!!(((!!!\"\"\"   ###(((\'\'\'///444:::<<<<<<<<<>>>@@@FFFJJJ===\"\"\"(((FFF			)))\'\'\';;;MMMIII<<<888GGGRRRPPPNNNDDDEEEIIIMMMGGG;;;333111%%%(((,,,)))111555JJJ„„„gggttt«««ךךךעעעללל®®®WWW~~~aaaEEEIIIBBBLLLQQQNNNLLLJJJBBB666)))!!!***)))###%%%111OOO@@@VVVPPPLLLNNNHHHOOO[[[XXX888\Z\Z\Z!!!***---///888888FFFcccZZZ[[[___eeeeeeccceeekkktttuuummm___XXXRRR@@@---)))$$$!!!######\"\"\"\"\"\"$$$$$$###\"\"\"   ׀׀׀\'\'\'@@@\"\"\"eeeטטט\Z\Z\Z\'\'\'$$$+++222---!!!***%%%%%%(((\"\"\"\"\"\"+++111333333666:::@@@:::)))\"\"\"\Z\Z\Z|||QQQ###(((444;;;GGGJJJ:::222GGGVVVMMM;;;HHHQQQLLLAAA888222---...\'\'\'   \'\'\'///\'\'\'ddd‰‰‰eeexxx   דדד‎‎‎םםם™™™MMMzzzFFFGGGCCCGGGIIIRRRMMM???BBBCCC000%%%###&&&%%%&&&777FFFEEEPPPaaaYYYoooHHHLLLIII]]]NNN333!!!\r\r\r\n\n\n   ===nnn]]]RRRRRRKKK999000222;;;XXXhhh___XXXWWWCCC%%%&&&!!!   \"\"\"\"\"\"\"\"\"###            ווו½½½,,,,,,\Z\Z\ZAAA***@@@AAA!!!&&&\"\"\"\'\'\'...---,,,,,,###$$$,,,111333...+++\"\"\"&&&&&&###\0\0\0___‎‎‎]]])))!!!\"\"\"(((///>>>FFF:::222DDDQQQHHH777DDDOOONNNEEE<<<333---,,,((($$$\'\'\'+++###qqq‰‰‰gggttt–––‏‏‏קקקחחחָָָzzzfffZZZPPPDDDEEEIIIIIIKKKGGGBBBCCC:::(((...,,,......000BBBTTTWWWmmmeee___PPPCCCNNN[[[EEELLL444$$$\Z\Z\Z\Z\Z\Z\Z\Z\Z$$$&&&   ...NNNEEE999444333777<<<BBB666===IIINNNPPPWWWMMM222&&&!!!!!!###!!!   !!!         כככדדדׁׁׁgggQQQJJJiiiקקקGGG111NNN111BBBOOOSSSIII===??????;;;:::...222222+++\"\"\"!!!%%%******$$$((((((((((((555פפפeee)))&&&!!!$$$&&&666CCC===777EEEMMMCCC===FFFMMMLLLDDD;;;222,,,(((((((((%%%$$$\"\"\"†††ˆˆˆlllrrr׀׀׀רררךךךההה¬¬¬cccooo@@@MMMCCC@@@HHHKKKEEEAAAGGGEEE666***666///------000BBBVVV[[[___WWW[[[DDD555III___HHHEEE222\'\'\'   !!!111666444555222...000+++111333111777EEENNNOOO```OOOUUU]]]VVVWWWMMM,,,%%%   !!!###!!!   ׳׳׳ֶֶֶֶֶֶֿֿֿ¿¿¿³³³¹¹¹ִִִןןן‰‰‰---...???SSSaaaeeekkkeee^^^cccfffeeegggvvvuuuiiiPPP444\"\"\"###+++***---\'\'\'&&&,,,)))רררqqq\0\0\0&&&***$$$(((%%%000<<<<<<;;;GGGJJJ===;;;???BBBBBB>>>999444000\'\'\'&&&(((!!!***™™™†††tttvvvָָָררר‎‎‎ףףף׳׳׳’’’]]]WWWAAAEEEJJJAAAEEENNNFFF@@@GGGBBB888<<<BBB000&&&&&&,,,===MMMPPPBBBKKKIIIEEE000NNNNNNTTTCCC///\'\'\'%%%(((222000)))***))))))///***444<<<@@@EEENNNUUUXXX[[[MMM\\\\\\dddUUUVVVOOO***###!!!###\"\"\"װװװ־־־¬¬¬­­­¬¬¬¯¯¯ֳֳֳֹֹֹ---999YYYkkk___\\\\\\ddddddeeeoootttvvv|||‚‚‚ˆˆˆ‡‡‡lllAAA!!!,,,,,,***\'\'\';;;~~~)))---&&&***+++...666:::===HHHGGG888222555:::@@@BBB???999555***&&&)))   ;;;£££†††}}}ְְְלללעעעךךךױױױ¿¿¿‚‚‚UUU<<<IIIKKKOOOJJJBBBOOOKKKAAA===555888MMMSSS666%%%\'\'\'111AAAMMMMMMGGGaaaSSS333555XXXJJJPPPKKK000\"\"\"!!!222111)))$$$%%%###(((666???>>>@@@CCCAAAAAAIIISSSJJJMMMccccccKKKQQQRRR000      ###\"\"\"   !!!ֻֻֻ¾¾¾וווּּּ׃׃׃===444YYYWWWVVVaaa[[[bbbbbbbbbjjjlllmmmttt‡‡‡………zzz|||~~~vvvjjj///###\'\'\'///***\n\n\nNNN‎‎‎yyy\0\0\0,,,...(((,,,444222888???DDDLLLJJJ<<<<<<===CCCMMMOOOFFF888///---(((,,,\"\"\"\Z\Z\ZLLLˆˆˆ‚‚‚ƒƒƒ´´´גגג®®®|||JJJ;;;JJJUUUCCCGGGAAAJJJJJJ???000\'\'\'444NNN[[[:::&&&,,,888FFFPPPQQQJJJ+++///RRR___WWWNNN,,,\Z\Z\Z   @@@???666111333222777EEEEEECCCFFFJJJEEE;;;;;;AAAQQQ\\\\\\lll___CCCHHHNNN888   \Z\Z\Z\"\"\"!!!   !!!\Z\Z\Zqqq£££״״״׳׳׳ֲֲֲֵֵֵםםםGGG(((333NNN[[[\\\\\\UUUVVV]]]^^^```iiinnnsss~~~‡‡‡†††yyypppooopppmmmZZZAAA###\'\'\'\r\r\rlllצצצnnn\0\0\0+++***\'\'\'---333333===EEEGGGKKKKKKBBBGGGCCCEEELLLMMMBBB333)))+++(((000$$$SSS†††‚‚‚‚‚‚₪₪₪ַַַׂׂׂ׀׀׀¾¾¾¢¢¢eeeAAACCCNNNVVV>>>@@@AAA>>>AAA<<<)))\"\"\"333FFFXXX888(((...777AAALLLPPP:::†††ֱֱֱMMM&&&JJJjjjSSS888\Z\Z\Z\"\"\"???DDD:::...000777<<<BBB@@@GGGNNNOOOMMMHHHCCC>>>BBBKKKVVVPPPAAACCCJJJDDD###   \Z\Z\Z%%%lllׁׁׁׂׂׂךךךttt***RRRRRRQQQ[[[TTT___ccc```___eeehhhnnnzzzƒƒƒ€€€zzz{{{zzzpppnnnYYY555•••ppp\0\0\0)))###$$$,,,(((,,,;;;DDDAAACCCEEE@@@@@@777333999===888///***\'\'\'&&&111###			SSSzzzƒƒƒ|||yyy˜˜˜»»»ָָָֹֹֹ´´´“““BBB<<<EEE[[[SSSJJJBBB@@@333888999(((%%%666AAAVVV999+++000444:::FFFNNN444yyyֳֳֳxxx\'\'\'SSS___666\"\"\"(((!!!   ###@@@KKK???(((+++;;;BBBAAADDDMMMNNNEEEFFFRRRVVVOOOHHHKKKPPPQQQKKKCCCAAABBB&&&   \Z\Z\Z///333   |||(((999HHHPPPTTTUUUUUUYYY^^^ccceeefffiiioootttxxxxxxsssooovvvzzzmmmcccQQQIII111ההה‎‎‎ddd)))   %%%###\'\'\'<<<444444===777<<<>>>777111...:::GGG===///111(((---+++\"\"\"   999gggxxxtttyyy„„„±±±÷÷÷ְְְ´´´nnnAAA...VVVjjjPPP===<<<999;;;777---###%%%444CCCNNN999\'\'\',,,===HHHGGGCCC+++׳׳׳®®®XXXAAA\'\'\'$$$   ---***333777<<<555---888EEECCCBBBEEEKKKOOOMMMHHHLLLSSSMMMGGG^^^QQQCCCDDDaaa\\\\\\GGG\'\'\'###\Z\Z\Z:::999{{{לללPPP\0\0\0)))<<<KKKRRRRRROOOMMMWWWYYY\\\\\\\\\\\\]]]bbbjjjqqqmmmooommmlllsss|||zzzqqqXXXRRRPPP***XXXךךךקקקccc\0\0\0!!!&&&!!!)))++++++000<<<111DDD***;;;:::555111999FFF???333222//////)))(((WWW‚‚‚|||ppplll|||®®®¯¯¯“““JJJ@@@555VVVVVVSSS===:::555999888,,,      ...===WWWCCC---(((222===>>>999%%%¦¦¦@@@\"\"\"!!!!!!)))444???>>>888===AAA;;;OOOLLLKKKLLLKKKHHHIIIMMM]]]QQQNNNPPP555AAA€€€aaaUUU***\Z\Z\Z(((&&&---„„„¿¿¿$$$,,,AAARRRZZZ[[[YYYWWW[[[[[[[[[ZZZ[[[aaaiiipppqqqtttrrrnnnnnnrrrqqqkkkaaaJJJ777???\0\0\0)))רררmmm***&&&---%%%,,,:::///???OOO^^^000111///777GGGFFF999222(((\'\'\'$$$JJJxxx‡‡‡ooo```zzz¡¡¡qqqBBBCCC999VVVIIIQQQ666666555::::::...\Z\Z\Z\"\"\"---PPPFFF666...666CCCFFF???[[[‰‰‰ZZZ000\Z\Z\Z\Z\Z\Z\Z\Z\Z   \Z\Z\Z&&&222333444999===<<<:::???HHHMMMLLLKKKOOOUUUMMMQQQPPPVVV999888SSSUUUZZZZZZ:::   \Z\Z\Z\Z\Z\Z\'\'\'111999EEEeee(((&&&222BBBPPPXXX\\\\\\]]]^^^\\\\\\^^^```aaacccfffkkknnntttwwwuuummmgggeeeccc```\\\\\\HHH888999!!!צצצץץץ‏‏‏sss			\"\"\"&&&   $$$///000666999&&&kkk)))......555EEEFFF777+++######&&&%%%;;;fffˆˆˆlllUUU{{{~~~^^^MMM===888NNNMMMLLL444888888<<<<<<333$$$\Z\Z\Z\Z\Z\Z///444333111===NNNSSSKKKHHHTTTAAA\'\'\'666\Z\Z\Z!!!UUU\"\"\"(((000///000111111444<<<BBBFFF>>>444555FFFXXXXXXSSSJJJ<<<JJJJJJYYYֿֿֿBBB777SSS\Z\Z\Z000555<<<AAAEEEIIINNNQQQUUUZZZbbbiiimmmoooooopppkkknnnnnnhhhaaa^^^^^^^^^SSSIII777   \\\\\\ץץץההההההשששvvv\Z\Z\Z***\"\"\"///666777;;;111‚‚‚TTT333444...000???AAA333)))...++++++\'\'\'%%%GGGvvvgggMMMtttwwwzzzwwwWWWCCC777IIIDDDSSSKKK>>>999888;;;===999...!!!######...@@@FFF@@@JJJAAA666AAA333   ###§§§111###+++))))))###   ((((((999LLLUUUSSSQQQRRRUUUQQQEEE333111___eee׳׳׳HHH&&&EEE777ƒƒƒ			(((///111444555888>>>FFFLLLQQQWWWaaakkksssvvvvvvuuukkkmmmmmmhhhaaa]]]]]]^^^UUULLL\"\"\"ךךךייי———***\"\"\"\"\"\"###...222///hhh}}}aaa:::444***--->>>CCC:::666333,,,$$$111YYYlllNNNddduuummmkkkVVV777HHHqqqJJJTTTQQQFFF111666:::>>>===444\'\'\'\Z\Z\Z\Z\Z\Z&&&,,,***(((@@@kkk000\Z\Z\Z   !!!\Z\Z\Zׁׁׁ@@@!!!\"\"\"---222???YYYiii{{{–––±±±ֳֳֳִִִµµµ¦¦¦¶¶¶½½½×××°°°´´´£££eeeRRRקקק333¿¿¿«««ִִִ444\Z\Z\Z...111555888;;;AAAIIIOOOPPPSSSYYYaaahhhmmmoooooonnnnnnlllggg___YYYWWWXXXYYY...קקקאאאץץץןןןץץץֽֽֽ\n\n\n\Z\Z\Z\Z\Z\Z(((!!!&&&***\'\'\'oootttkkk999111***666HHHGGG;;;999)))\"\"\"\r\r\r\r\r\r\"\"\"888tttRRRIIIqqqeeeaaaNNN<<<TTT|||RRRQQQXXXAAA)))888???DDD@@@333&&&%%%!!!\"\"\"%%%&&&333555RRR___999###\0\0\0גגגvvv###222888HHHQQQeee‰‰‰¿¿¿¿¿¿¾¾¾ְְְ׃׃׃ױױױ׀׀׀ׂׂׂבבבההההההזזזשששִִִ{{{xxxQQQ###			!!!\Z\Z\Zּּּֿֿֿ¬¬¬\Z\Z\Z\"\"\"333777<<<???@@@BBBFFFIIIMMMMMMMMMPPPUUUZZZ^^^___eeeeeeccc___YYYSSSRRRRRRGGG888\0\0\0׳׳׳מממנננמממנננןןן\n\n\n$$$+++******)))===XXXDDD;;;444333CCCSSSEEE...\'\'\'!!!wwwQQQ000hhh^^^WWW???BBBIIIdddOOOMMMZZZ888***<<<EEEJJJAAA...      \"\"\"   &&&+++++++++---...PPPHHH\"\"\"333$$$קקקְְְ\0\0\0(((CCCMMMWWWLLLKKKfff¼¼¼ִִִֶֶֶֶֶֶֹֹֹֹֹֹֻֻֻֽֽֽ״״״ּּּ׃׃׃אאאKKKKKKUUU\"\"\"ֵֵֵץץץ~~~%%%...888999;;;===???@@@AAABBBBBBGGGOOOTTTUUURRROOOMMMNNNOOOQQQQQQQQQOOOLLLKKK888000...ךךךסססףףףץץץ...\0\0\0\"\"\",,,222111000555>>>??????>>>:::555...)))&&&+++###   ???HHH999HHHbbbXXX:::IIIGGGlllVVVGGGSSS555333<<<HHHEEE999111\'\'\'&&&   \'\'\')))###!!!%%%111444333...)))%%%///ץץץ###???:::VVVJJJWWWRRRppp···ֲֲֲֹֹֹֿֿֿׁׁׁװװװ״״״ײײײײײײװװװ״״״eee///___AAA			ׁׁׁוווJJJ$$$***999555777999;;;===???@@@@@@BBBDDDFFFGGGFFFFFFGGGHHHHHHFFFCCC@@@???@@@BBBCCCEEExxxררריייצצצעעעעעעתתתXXX!!!&&&)))000777222...***\'\'\'(((+++...000444***###\"\"\"+++,,,111FFFIII???BBB@@@EEEaaaPPP???III>>>???444===<<<444...\"\"\"!!!\"\"\"###%%%((((((\'\'\'***,,,...---\'\'\',,,??????@@@LLLQQQVVVGGGƒƒƒ°°°ֱֱֱ־־־־־־ױױױדדדוווׁׁׁ{{{   CCC===   ווו\Z\Z\Z,,,%%%444222444666888;;;===>>>>>>AAABBBDDDFFFGGGIIIMMMOOOMMMIIIDDD???:::888777777999²²²טטטץץץסססםםםרררששששששˆˆˆ\r\r\r\r\r\r\Z\Z\Z$$$)))+++&&&\"\"\"\"\"\"(((000777:::999000((($$$///333$$$(((>>>444---IIIJJJEEECCC???@@@LLLJJJ999000444444444000\"\"\"&&&\"\"\"$$$!!!***...)))((()))...111***\Z\Z\Z\"\"\"FFFתתתצצצ   )))===CCC;;;GGGIIIUUUFFFhhh†††¨¨¨׀׀׀װװװײײײדדדגגגבבב׳׳׳׃׃׃ֹֹֹׂׂׂ---444...עעעטטט&&&$$$,,,222444666888;;;===>>>???777;;;@@@DDDFFFFFFGGGGGGKKKJJJIIIEEE@@@999222...&&&   וווסססזזז׳׳׳׳׳׳ררר‏‏‏°°°\0\0\0\r\r\r\r\r\r   \'\'\')))\'\'\'\'\'\',,,222777888777666000+++\'\'\'   ===OOO444---)))%%%CCCTTTKKK555888???FFFMMM222......///444111   +++   ###   !!!(((,,,,,,+++(((---111)))\Z\Z\Z   %%%\0\0\0\\\\\\נננ\r\r\r333333:::HHH<<<GGGSSSVVVcccppp———½½½ֶֶֶּּּװװװבבב״״״״״״׃׃׃ָָָֻֻֻֽֽֽ000333///נננררר222++++++---...000333555777888999:::<<<@@@BBBBBBAAAAAAAAABBBCCCDDDDDD@@@:::333///***\Z\Z\Z„„„׃׃׃ףףףפפפָָָׂׂׂצצצ‏‏‏ֻֻֻ\r\r\r			\n\n\n###---%%%%%%(((---222333111...111///...,,,%%%\Z\Z\Z+++HHH444###   666JJJPPP???@@@777333HHH999+++))))))000---)))!!!###$$$\"\"\"$$$***+++\'\'\'(((+++!!!&&&***ףףףAAA,,,111EEE999BBBOOONNNOOOZZZ“““½½½½½½ֱֱֱֱֱֱֳֳֳ׀׀׀װװװ׀׀׀ַַַֻֻֻֻֻֻֿֿֿ־־־װװװ¬¬¬...===000לללMMM!!!###$$$%%%%%%///000111111333666;;;???GGGFFFEEECCC???:::555333(((\0\0\0¨¨¨בבבכככייי‎‎‎‎‎‎ּּּ			\n\n\n\r\r\r\r\r\r###   \"\"\"$$$\'\'\'***,,,...//////000111000)))\r\r\r$$$   (((///DDDHHH;;;===666444EEE888+++******...,,,(((&&&$$$%%%$$$+++(((\'\'\'&&&eeeררר˜˜˜\0\0\0555333333===666CCCIIIBBBIIIֱֱֱ¿¿¿ֲֲֲµµµ¶¶¶ֵֵֵַַַָָָֹֹֹֻֻֻּּּֽֽֽװװװ¹¹¹***AAA000חחחךךךGGG			   $$$\'\'\'999;;;======;;;777222...דדד‎‎‎םםםגגגווומממצצצ¿¿¿\0\0\0\n\n\n\n\n\n###&&&\'\'\')))---111---000222111+++###\Z\Z\Z\'\'\'###BBB:::000333555;;;@@@222***,,,,,,---***\Z\Z\Z\'\'\'&&&   \"\"\"!!!\Z\Z\Z&&&&&&&&&###   %%%\'\'\'			’’’………\r\r\r222///+++===000555DDD@@@III“““¿¿¿»»»ֵֵֵ¸¸¸···ֳֳֳֳֳֳִִִַַַַַַָָָֹֹֹֹֹֹֽֽֽֽֽֽ[[[:::///$$$אאאׂׂׂ333\0\0\0   \"\"\"###   \Z\Z\Z%%%///222000***%%%vvvתתתטטטװװװחחחµµµ¢¢¢˜˜˜ֻֻֻ¹¹¹\r\r\r			$$$((((((\'\'\'))),,,***---000000---(((!!!\Z\Z\Z777444777333+++000888888$$$))))))\'\'\'%%%###\"\"\"###%%%      &&&:::(((   %%%000999444111---999RRR   ְְְ´´´ִִִ÷÷÷¶¶¶¿¿¿ֱֱֱִִִׁׁׁ׃׃׃ֽֽֽ³³³–––666000///\Z\Z\Z','4545421',8);
/*!40000 ALTER TABLE `examinee` ENABLE KEYS */;
UNLOCK TABLES;

--
-- Table structure for table `exam_examinee`
--

DROP TABLE IF EXISTS `exam_examinee`;
/*!40101 SET @saved_cs_client     = @@character_set_client */;
/*!40101 SET character_set_client = utf8 */;
CREATE TABLE `exam_examinee` (
  `id` int(11) NOT NULL AUTO_INCREMENT,
  `examId` int(11) NOT NULL,
  `examineeId` int(11) NOT NULL,
  PRIMARY KEY (`id`),
  KEY `examId` (`examId`),
  KEY `examineeId` (`examineeId`),
  CONSTRAINT `examId` FOREIGN KEY (`examId`) REFERENCES `exam` (`id`) ON DELETE NO ACTION ON UPDATE NO ACTION,
  CONSTRAINT `examineeId` FOREIGN KEY (`examineeId`) REFERENCES `examinee` (`examineeId`) ON DELETE NO ACTION ON UPDATE NO ACTION
) ENGINE=InnoDB AUTO_INCREMENT=3 DEFAULT CHARSET=latin1;
/*!40101 SET character_set_client = @saved_cs_client */;

--
-- Dumping data for table `exam_examinee`
--

LOCK TABLES `exam_examinee` WRITE;
/*!40000 ALTER TABLE `exam_examinee` DISABLE KEYS */;
INSERT INTO `exam_examinee` VALUES (1,1,8),(2,2,8);
/*!40000 ALTER TABLE `exam_examinee` ENABLE KEYS */;
UNLOCK TABLES;

--
-- Table structure for table `user`
--

DROP TABLE IF EXISTS `user`;
/*!40101 SET @saved_cs_client     = @@character_set_client */;
/*!40101 SET character_set_client = utf8 */;
CREATE TABLE `user` (
  `user_name` varchar(30) NOT NULL,
  `first_name` varchar(30) NOT NULL,
  `last_name` varchar(30) NOT NULL,
  `email` varchar(30) NOT NULL,
  `telephone` varchar(30) NOT NULL,
  `password` varchar(100) NOT NULL,
  `role` int(11) NOT NULL,
  `school_code` varchar(30) DEFAULT NULL,
  PRIMARY KEY (`user_name`),
  KEY `fk_role` (`role`),
  CONSTRAINT `fk_role` FOREIGN KEY (`role`) REFERENCES `role` (`id`) ON DELETE NO ACTION ON UPDATE NO ACTION
) ENGINE=InnoDB DEFAULT CHARSET=latin1;
/*!40101 SET character_set_client = @saved_cs_client */;

--
-- Dumping data for table `user`
--

LOCK TABLES `user` WRITE;
/*!40000 ALTER TABLE `user` DISABLE KEYS */;
INSERT INTO `user` VALUES ('brook','Brook','Yitna','brookyitna@hotmail.com','0911233443','password',1,'NULL'),('daniel','Daniel','Gerbi','danielgerbi@gmail.com','0911075501','password2014',1,'NULL'),('lili','Lili','Abebe','lili@neae.gmail','932432','lili',1,'NULL'),('misgana','Misge','Bayetta','misgana.bayetta@gmail.com','0922599095','misgana',2,'01'),('misge','Misgana','Bayetta','misgana.bayetta@gmail.com','0922599095','password',2,'01'),('nemobayetta','Nemera','Bayetta','nemo@jucs.edu.et','0917051715','password',2,'9334');
/*!40000 ALTER TABLE `user` ENABLE KEYS */;
UNLOCK TABLES;

--
-- Table structure for table `usergroup`
--

DROP TABLE IF EXISTS `usergroup`;
/*!40101 SET @saved_cs_client     = @@character_set_client */;
/*!40101 SET character_set_client = utf8 */;
CREATE TABLE `usergroup` (
  `userGroupId` int(11) NOT NULL,
  `userGroupName` varchar(30) COLLATE latin1_bin NOT NULL,
  PRIMARY KEY (`userGroupId`)
) ENGINE=InnoDB DEFAULT CHARSET=latin1 COLLATE=latin1_bin;
/*!40101 SET character_set_client = @saved_cs_client */;

--
-- Dumping data for table `usergroup`
--

LOCK TABLES `usergroup` WRITE;
/*!40000 ALTER TABLE `usergroup` DISABLE KEYS */;
/*!40000 ALTER TABLE `usergroup` ENABLE KEYS */;
UNLOCK TABLES;

--
-- Table structure for table `examcenter`
--

DROP TABLE IF EXISTS `examcenter`;
/*!40101 SET @saved_cs_client     = @@character_set_client */;
/*!40101 SET character_set_client = utf8 */;
CREATE TABLE `examcenter` (
  `groupNo` int(11) NOT NULL,
  `school_code` varchar(30) COLLATE latin1_bin NOT NULL,
  `no_of_classroom` int(11) NOT NULL,
  `distance` float NOT NULL,
  PRIMARY KEY (`groupNo`),
  KEY `schoolCodeId` (`school_code`),
  KEY `fk_school_code` (`school_code`),
  CONSTRAINT `fk_school_code` FOREIGN KEY (`school_code`) REFERENCES `school` (`code`) ON DELETE NO ACTION ON UPDATE NO ACTION
) ENGINE=InnoDB DEFAULT CHARSET=latin1 COLLATE=latin1_bin;
/*!40101 SET character_set_client = @saved_cs_client */;

--
-- Dumping data for table `examcenter`
--

LOCK TABLES `examcenter` WRITE;
/*!40000 ALTER TABLE `examcenter` DISABLE KEYS */;
INSERT INTO `examcenter` VALUES (1,'01',120,11.23);
/*!40000 ALTER TABLE `examcenter` ENABLE KEYS */;
UNLOCK TABLES;

--
-- Table structure for table `examiner_budjet`
--

DROP TABLE IF EXISTS `examiner_budjet`;
/*!40101 SET @saved_cs_client     = @@character_set_client */;
/*!40101 SET character_set_client = utf8 */;
CREATE TABLE `examiner_budjet` (
  `examinerId` int(11) NOT NULL,
  `budgetId` int(11) NOT NULL,
  `amount` decimal(10,0) NOT NULL,
  `id` int(11) NOT NULL AUTO_INCREMENT,
  PRIMARY KEY (`id`),
  KEY `examinerId` (`examinerId`),
  KEY `budgetId` (`budgetId`),
  CONSTRAINT `budgetId` FOREIGN KEY (`budgetId`) REFERENCES `budget` (`budgetId`) ON DELETE NO ACTION ON UPDATE NO ACTION,
  CONSTRAINT `examinerId` FOREIGN KEY (`examinerId`) REFERENCES `examiner` (`examinerId`) ON DELETE NO ACTION ON UPDATE NO ACTION
) ENGINE=InnoDB DEFAULT CHARSET=latin1 COLLATE=latin1_bin;
/*!40101 SET character_set_client = @saved_cs_client */;

--
-- Dumping data for table `examiner_budjet`
--

LOCK TABLES `examiner_budjet` WRITE;
/*!40000 ALTER TABLE `examiner_budjet` DISABLE KEYS */;
/*!40000 ALTER TABLE `examiner_budjet` ENABLE KEYS */;
UNLOCK TABLES;

--
-- Table structure for table `category`
--

DROP TABLE IF EXISTS `category`;
/*!40101 SET @saved_cs_client     = @@character_set_client */;
/*!40101 SET character_set_client = utf8 */;
CREATE TABLE `category` (
  `id` int(11) NOT NULL AUTO_INCREMENT,
  `name` varchar(50) NOT NULL,
  PRIMARY KEY (`id`)
) ENGINE=InnoDB AUTO_INCREMENT=4 DEFAULT CHARSET=latin1;
/*!40101 SET character_set_client = @saved_cs_client */;

--
-- Dumping data for table `category`
--

LOCK TABLES `category` WRITE;
/*!40000 ALTER TABLE `category` DISABLE KEYS */;
INSERT INTO `category` VALUES (1,'Night'),(2,'Regular'),(3,'Private');
/*!40000 ALTER TABLE `category` ENABLE KEYS */;
UNLOCK TABLES;

--
-- Table structure for table `school`
--

DROP TABLE IF EXISTS `school`;
/*!40101 SET @saved_cs_client     = @@character_set_client */;
/*!40101 SET character_set_client = utf8 */;
CREATE TABLE `school` (
  `code` varchar(30) COLLATE latin1_bin NOT NULL DEFAULT '',
  `groupNo` int(11) DEFAULT NULL,
  `school_name` varchar(45) COLLATE latin1_bin NOT NULL,
  `woreda_id` int(11) NOT NULL,
  PRIMARY KEY (`code`),
  KEY `fk_groupNo` (`groupNo`),
  KEY `fk_woreda_id` (`woreda_id`),
  KEY `fk_group_no` (`groupNo`),
  CONSTRAINT `fk_group_no` FOREIGN KEY (`groupNo`) REFERENCES `examcenter` (`groupNo`) ON DELETE NO ACTION ON UPDATE NO ACTION,
  CONSTRAINT `fk_woreda_id` FOREIGN KEY (`woreda_id`) REFERENCES `woreda` (`woredId`) ON DELETE NO ACTION ON UPDATE NO ACTION
) ENGINE=InnoDB DEFAULT CHARSET=latin1 COLLATE=latin1_bin;
/*!40101 SET character_set_client = @saved_cs_client */;

--
-- Dumping data for table `school`
--

LOCK TABLES `school` WRITE;
/*!40000 ALTER TABLE `school` DISABLE KEYS */;
INSERT INTO `school` VALUES ('01',1,'Axum',1),('05',NULL,'Axumamun',1),('9334',NULL,'JUCS',4);
/*!40000 ALTER TABLE `school` ENABLE KEYS */;
UNLOCK TABLES;

--
-- Table structure for table `user_school`
--

DROP TABLE IF EXISTS `user_school`;
/*!40101 SET @saved_cs_client     = @@character_set_client */;
/*!40101 SET character_set_client = utf8 */;
CREATE TABLE `user_school` (
  `id` int(11) NOT NULL AUTO_INCREMENT,
  `user_name` varchar(30) NOT NULL,
  `school_code` varchar(30) NOT NULL,
  PRIMARY KEY (`id`)
) ENGINE=InnoDB DEFAULT CHARSET=latin1;
/*!40101 SET character_set_client = @saved_cs_client */;

--
-- Dumping data for table `user_school`
--

LOCK TABLES `user_school` WRITE;
/*!40000 ALTER TABLE `user_school` DISABLE KEYS */;
/*!40000 ALTER TABLE `user_school` ENABLE KEYS */;
UNLOCK TABLES;

--
-- Table structure for table `zone`
--

DROP TABLE IF EXISTS `zone`;
/*!40101 SET @saved_cs_client     = @@character_set_client */;
/*!40101 SET character_set_client = utf8 */;
CREATE TABLE `zone` (
  `zoneId` int(11) NOT NULL AUTO_INCREMENT,
  `zonecode` int(11) NOT NULL,
  `zonename` varchar(30) COLLATE latin1_bin NOT NULL,
  `regioncode` int(11) NOT NULL,
  PRIMARY KEY (`zoneId`),
  KEY `regionCode` (`regioncode`)
) ENGINE=InnoDB AUTO_INCREMENT=10 DEFAULT CHARSET=latin1 COLLATE=latin1_bin;
/*!40101 SET character_set_client = @saved_cs_client */;

--
-- Dumping data for table `zone`
--

LOCK TABLES `zone` WRITE;
/*!40000 ALTER TABLE `zone` DISABLE KEYS */;
INSERT INTO `zone` VALUES (1,2,'Arada',14),(2,2,'Shire',1),(3,1,'Mekele',1),(4,2,'Central',1),(5,5,'Adigrat',1),(6,22,'whatever',1),(7,9,'jimma',4),(8,4,'DS',1),(9,6,'Jimma',4);
/*!40000 ALTER TABLE `zone` ENABLE KEYS */;
UNLOCK TABLES;

--
-- Table structure for table `region`
--

DROP TABLE IF EXISTS `region`;
/*!40101 SET @saved_cs_client     = @@character_set_client */;
/*!40101 SET character_set_client = utf8 */;
CREATE TABLE `region` (
  `regioncode` int(11) NOT NULL,
  `regionName` varchar(50) COLLATE latin1_bin NOT NULL,
  PRIMARY KEY (`regioncode`)
) ENGINE=MyISAM DEFAULT CHARSET=latin1 COLLATE=latin1_bin;
/*!40101 SET character_set_client = @saved_cs_client */;

--
-- Dumping data for table `region`
--

LOCK TABLES `region` WRITE;
/*!40000 ALTER TABLE `region` DISABLE KEYS */;
INSERT INTO `region` VALUES (1,'Tigray'),(2,'Afar'),(3,'Amhara'),(4,'Oromia'),(5,'Somalia'),(7,'Gambela'),(14,'AddisAbaba'),(6,'Benishangul'),(13,'Harari'),(12,'DireDawa'),(9,'SNNPR');
/*!40000 ALTER TABLE `region` ENABLE KEYS */;
UNLOCK TABLES;

--
-- Table structure for table `budget`
--

DROP TABLE IF EXISTS `budget`;
/*!40101 SET @saved_cs_client     = @@character_set_client */;
/*!40101 SET character_set_client = utf8 */;
CREATE TABLE `budget` (
  `budgetType` varchar(50) COLLATE latin1_bin NOT NULL,
  `budgetId` int(11) NOT NULL AUTO_INCREMENT,
  PRIMARY KEY (`budgetId`)
) ENGINE=InnoDB DEFAULT CHARSET=latin1 COLLATE=latin1_bin;
/*!40101 SET character_set_client = @saved_cs_client */;

--
-- Dumping data for table `budget`
--

LOCK TABLES `budget` WRITE;
/*!40000 ALTER TABLE `budget` DISABLE KEYS */;
/*!40000 ALTER TABLE `budget` ENABLE KEYS */;
UNLOCK TABLES;

--
-- Table structure for table `role_usergroup`
--

DROP TABLE IF EXISTS `role_usergroup`;
/*!40101 SET @saved_cs_client     = @@character_set_client */;
/*!40101 SET character_set_client = utf8 */;
CREATE TABLE `role_usergroup` (
  `id` int(11) NOT NULL AUTO_INCREMENT,
  `roleId` int(11) NOT NULL,
  `userGroupId` int(11) NOT NULL,
  PRIMARY KEY (`id`),
  KEY `userGroupId` (`userGroupId`),
  KEY `roleId` (`roleId`),
  CONSTRAINT `roleId` FOREIGN KEY (`roleId`) REFERENCES `role` (`id`) ON DELETE NO ACTION ON UPDATE NO ACTION,
  CONSTRAINT `userGroupId` FOREIGN KEY (`userGroupId`) REFERENCES `usergroup` (`userGroupId`) ON DELETE NO ACTION ON UPDATE NO ACTION
) ENGINE=InnoDB DEFAULT CHARSET=latin1;
/*!40101 SET character_set_client = @saved_cs_client */;

--
-- Dumping data for table `role_usergroup`
--

LOCK TABLES `role_usergroup` WRITE;
/*!40000 ALTER TABLE `role_usergroup` DISABLE KEYS */;
/*!40000 ALTER TABLE `role_usergroup` ENABLE KEYS */;
UNLOCK TABLES;

--
-- Table structure for table `woreda`
--

DROP TABLE IF EXISTS `woreda`;
/*!40101 SET @saved_cs_client     = @@character_set_client */;
/*!40101 SET character_set_client = utf8 */;
CREATE TABLE `woreda` (
  `woredId` int(11) NOT NULL AUTO_INCREMENT,
  `woredacode` int(11) NOT NULL,
  `woredaname` varchar(50) COLLATE latin1_bin NOT NULL,
  `zoneId` int(11) NOT NULL,
  PRIMARY KEY (`woredId`),
  KEY `zoneId` (`zoneId`),
  CONSTRAINT `zoneId` FOREIGN KEY (`zoneId`) REFERENCES `zone` (`ZoneId`) ON DELETE NO ACTION ON UPDATE NO ACTION
) ENGINE=InnoDB AUTO_INCREMENT=5 DEFAULT CHARSET=latin1 COLLATE=latin1_bin;
/*!40101 SET character_set_client = @saved_cs_client */;

--
-- Dumping data for table `woreda`
--

LOCK TABLES `woreda` WRITE;
/*!40000 ALTER TABLE `woreda` DISABLE KEYS */;
INSERT INTO `woreda` VALUES (1,1,'Axum',4),(2,12,'shire endesilassie',2),(3,34,'Adihagos',4),(4,5,'Jimma',9);
/*!40000 ALTER TABLE `woreda` ENABLE KEYS */;
UNLOCK TABLES;

--
-- Table structure for table `role`
--

DROP TABLE IF EXISTS `role`;
/*!40101 SET @saved_cs_client     = @@character_set_client */;
/*!40101 SET character_set_client = utf8 */;
CREATE TABLE `role` (
  `id` int(11) NOT NULL AUTO_INCREMENT,
  `name` varchar(50) NOT NULL,
  PRIMARY KEY (`id`)
) ENGINE=InnoDB AUTO_INCREMENT=5 DEFAULT CHARSET=latin1;
/*!40101 SET character_set_client = @saved_cs_client */;

--
-- Dumping data for table `role`
--

LOCK TABLES `role` WRITE;
/*!40000 ALTER TABLE `role` DISABLE KEYS */;
INSERT INTO `role` VALUES (1,'ADMIN'),(2,'SCHOOL_MASTER'),(3,'EXAM_PACKING'),(4,'FINANCE');
/*!40000 ALTER TABLE `role` ENABLE KEYS */;
UNLOCK TABLES;
/*!40103 SET TIME_ZONE=@OLD_TIME_ZONE */;

/*!40101 SET SQL_MODE=@OLD_SQL_MODE */;
/*!40014 SET FOREIGN_KEY_CHECKS=@OLD_FOREIGN_KEY_CHECKS */;
/*!40014 SET UNIQUE_CHECKS=@OLD_UNIQUE_CHECKS */;
/*!40101 SET CHARACTER_SET_CLIENT=@OLD_CHARACTER_SET_CLIENT */;
/*!40101 SET CHARACTER_SET_RESULTS=@OLD_CHARACTER_SET_RESULTS */;
/*!40101 SET COLLATION_CONNECTION=@OLD_COLLATION_CONNECTION */;
/*!40111 SET SQL_NOTES=@OLD_SQL_NOTES */;

-- Dump completed on 2014-02-09 11:40:11
